goals,birthday,skin_colour,victories,leagueCountry,weight,ties,position,yellowCards,redCards,defeats,yellowReds,height,games,club
9,1979,0,247,0,71,179,1,19,0,228,0,182,654,34
62,1986,0,141,2,73,73,0,42,1,122,0,183,336,87
31,1987,0,200,0,63,97,10,11,0,115,0,165,412,80
39,1990,0,150,0,76,42,3,31,1,68,0,178,260,6
1,1990,0,41,1,73,40,1,8,2,43,4,180,124,49
3,1988,1,41,1,74,23,10,11,0,33,1,180,97,36
0,1992,1,8,1,80,8,5,0,0,8,0,189,24,77
0,1990,1,0,1,83,1,5,0,0,2,0,188,3,36
3,1990,1,34,1,68,25,4,21,2,62,0,180,121,75
0,1994,1,17,2,70,8,6,3,1,25,0,179,50,74
0,1992,1,16,0,78,8,3,2,0,12,0,180,36,46
25,1985,0,93,3,78,61,4,70,2,92,3,185,246,23
21,1986,1,109,0,75,51,3,24,2,48,0,188,208,6
9,1985,0,88,2,79,63,4,66,0,60,1,184,211,33
1,1985,0,83,0,90,54,5,4,0,69,0,188,206,61
13,1988,0,46,2,76,34,7,21,0,51,0,188,131,0
55,1987,0,145,0,62,68,7,21,0,126,0,175,339,79
1,1988,0,28,3,76,18,1,14,1,36,1,190,82,67
4,1991,0,55,0,73,31,9,29,1,45,2,173,131,48
51,1987,0,83,2,87,40,2,18,0,59,1,193,182,1
0,1987,0,22,3,88,6,5,1,1,16,0,190,44,63
41,1989,0,67,0,78,56,7,23,0,86,1,180,209,58
20,1985,0,144,3,88,71,1,59,3,71,2,190,286,83
39,1984,0,53,3,69,43,2,22,0,82,1,171,178,35
178,1979,0,199,1,74,120,8,90,3,134,2,180,453,3
60,1988,0,145,3,73,62,2,16,0,87,0,183,294,10
0,1983,0,10,3,82,11,5,3,0,8,0,188,29,70
33,1984,0,229,3,67,59,7,58,3,85,1,172,373,29
6,1995,0,42,1,71,14,4,11,0,10,0,188,66,57
105,1981,0,125,3,78,82,2,68,4,115,3,182,322,9
52,1987,0,78,3,77,62,2,8,0,60,0,187,200,65
4,1993,0,6,2,69,1,0,1,0,8,0,179,15,2
31,1988,1,39,1,66,42,7,17,1,49,0,176,130,30
3,1984,0,70,1,74,68,4,61,1,97,2,180,235,30
11,1977,0,292,3,77,139,4,197,6,130,3,181,561,83
4,1989,0,51,3,82,50,1,69,3,70,0,186,171,72
11,1982,0,77,1,68,52,10,39,1,46,2,170,175,5
45,1981,0,104,3,73,41,11,36,1,52,0,175,197,60
1,1991,0,50,2,68,36,4,22,0,50,1,175,136,87
28,1985,0,138,0,80,57,6,50,3,90,4,187,285,46
16,1988,0,57,3,66,30,3,32,0,54,0,174,141,20
2,1991,1,6,0,72,15,2,3,0,13,0,180,34,46
4,1993,0,5,3,77,5,2,5,0,10,0,185,20,72
11,1987,1,209,3,74,65,4,67,0,73,2,182,347,29
3,1992,0,30,3,68,12,3,8,1,26,0,180,68,64
38,1982,0,243,1,92,81,1,48,2,47,0,188,371,57
12,1989,0,54,0,75,26,6,18,0,58,1,174,138,47
36,1990,0,85,2,85,43,8,25,0,57,1,183,185,0
2,1993,0,25,2,72,7,4,2,0,26,0,183,58,25
31,1982,0,132,2,92,90,1,42,3,103,4,193,325,86
0,1977,0,115,2,83,96,5,11,1,111,0,188,322,28
106,1983,0,121,2,84,85,0,39,0,136,2,196,342,25
6,1991,0,49,2,72,23,10,14,0,31,1,173,103,15
0,1992,0,41,2,83,22,5,1,0,26,0,189,89,69
11,1986,1,88,0,68,54,4,34,0,72,0,180,214,52
68,1982,1,111,1,70,53,11,33,2,65,0,176,229,75
42,1991,1,77,1,73,31,2,18,1,45,2,174,153,55
16,1985,0,96,3,80,57,1,77,4,102,7,183,255,35
96,1988,0,215,3,73,67,11,60,2,91,2,170,373,29
53,1986,0,91,3,73,51,0,25,0,85,0,175,227,59
7,1992,1,38,3,68,21,10,18,1,49,0,174,108,60
3,1988,0,46,2,68,27,4,27,2,43,0,169,116,0
24,1981,1,195,0,79,109,4,91,2,116,5,190,420,89
0,1993,0,26,1,88,14,5,0,0,7,0,190,47,57
3,1990,0,30,3,76,34,1,43,2,50,0,183,114,67
150,1985,0,162,3,87,58,2,27,5,101,0,186,321,72
4,1979,0,80,3,80,78,4,45,0,99,3,178,257,66
2,1994,0,19,3,69,12,8,9,0,24,1,180,55,62
32,1991,0,50,3,71,27,2,9,0,59,0,182,136,35
3,1991,0,9,3,80,10,2,5,0,10,0,182,29,59
4,1987,1,109,3,75,51,6,28,3,53,0,181,213,83
5,1983,0,45,3,86,37,1,40,1,44,4,192,126,62
11,1993,0,47,2,67,22,10,1,0,32,0,168,101,15
12,1987,1,41,1,81,27,6,19,0,31,2,186,99,3
5,1985,0,98,3,85,65,1,93,4,111,9,192,274,9
23,1979,0,229,2,75,83,4,62,2,94,2,181,406,12
21,1989,0,101,3,73,57,0,62,4,72,1,182,230,9
0,1984,0,50,0,80,20,5,1,0,30,0,193,100,47
1,1989,0,5,3,81,7,1,3,0,20,2,188,32,59
13,1988,1,148,0,69,27,3,19,0,45,0,176,220,47
56,1989,1,107,1,72,67,0,45,1,74,0,176,248,56
32,1990,0,60,2,74,28,7,15,2,48,1,180,136,33
11,1993,0,51,2,79,24,4,35,1,53,1,187,128,45
21,1980,1,89,1,76,82,1,53,3,99,2,184,270,4
101,1985,0,115,1,84,94,2,31,0,94,0,186,303,56
28,1983,0,108,0,74,47,6,44,1,43,0,180,198,6
4,1989,0,52,3,72,34,3,22,0,53,1,178,139,23
85,1990,0,137,2,74,55,8,11,1,70,0,184,262,11
0,1989,0,31,2,86,31,5,4,1,36,0,189,98,85
7,1987,0,125,2,70,72,9,57,0,99,1,180,296,2
76,1983,0,188,2,82,122,0,62,1,150,0,184,460,1
39,1984,0,132,2,69,74,4,62,1,88,4,172,294,33
19,1985,0,153,2,77,69,4,23,1,74,0,185,296,28
32,1991,0,50,0,72,37,2,12,0,61,0,179,148,8
45,1986,0,178,3,67,83,7,46,0,117,1,169,378,83
3,1987,0,43,3,83,17,1,17,0,39,0,187,99,20
85,1981,0,188,0,69,92,2,34,2,78,0,172,358,6
56,1981,0,94,3,84,55,2,38,0,89,4,188,238,60
121,1979,0,198,2,81,111,2,61,1,153,2,174,462,33
17,1991,0,67,0,76,33,7,15,1,58,0,183,158,81
134,1981,0,149,0,70,101,2,30,0,128,2,170,378,58
9,1981,0,157,3,71,93,9,87,2,139,5,180,389,62
69,1988,0,243,3,70,79,8,62,3,70,3,180,392,63
43,1987,0,64,3,68,44,2,18,0,69,1,172,177,41
11,1982,0,74,3,84,45,1,27,0,60,0,192,179,65
1,1986,1,91,3,64,44,4,32,1,44,0,175,179,18
46,1984,0,84,1,73,81,11,27,3,148,0,184,313,84
0,1990,0,27,1,81,12,5,3,0,15,0,184,54,55
20,1987,0,61,1,65,60,7,19,0,65,0,174,186,49
9,1979,0,285,1,77,138,9,91,1,140,1,180,563,55
58,1991,0,94,3,68,53,8,29,0,72,0,176,219,65
14,1982,0,87,0,78,60,1,43,3,69,3,184,216,90
5,1985,0,120,0,78,68,1,31,0,129,0,178,317,58
11,1987,0,39,2,74,36,3,24,0,64,0,180,139,69
16,1981,0,138,3,74,92,6,61,3,114,2,176,344,59
8,1993,1,40,2,85,26,1,24,3,47,1,190,113,85
3,1984,0,95,3,74,70,9,37,0,84,1,177,249,66
36,1985,1,171,0,70,68,11,48,3,105,3,175,344,47
31,1984,0,65,3,72,43,4,45,1,64,0,173,172,67
35,1980,0,73,3,82,40,2,37,1,86,1,184,199,67
1,1979,0,143,3,80,90,5,36,4,137,1,184,370,23
6,1983,0,244,3,79,71,9,85,0,49,5,184,364,63
71,1987,0,209,3,76,84,8,75,3,92,1,177,385,10
73,1984,1,88,2,96,68,2,22,2,84,1,190,240,28
36,1984,0,100,3,76,72,2,35,0,98,2,189,270,59
170,1984,0,347,2,80,80,11,50,2,94,2,180,521,12
3,1989,1,48,0,82,40,6,10,0,60,1,185,148,58
15,1985,1,78,1,67,60,4,10,0,81,0,172,219,55
95,1983,1,160,0,81,61,2,12,0,107,0,181,328,90
5,1989,0,52,3,77,30,1,48,2,66,4,185,148,18
0,1994,0,18,3,81,7,5,2,0,6,0,186,31,9
12,1983,1,147,2,67,95,6,66,2,148,2,166,390,85
59,1988,0,62,2,81,30,11,17,0,65,1,183,157,38
0,1980,0,190,0,88,84,5,24,0,90,0,193,364,73
45,1990,0,70,2,81,35,2,26,1,66,1,185,171,39
0,1989,0,62,3,85,31,5,5,0,55,1,189,148,10
56,1986,0,131,0,74,71,8,55,4,119,1,181,321,34
16,1980,0,404,0,67,146,6,106,3,112,1,170,662,21
77,1985,1,193,0,65,114,7,57,2,113,1,180,420,47
1,1987,0,69,0,83,52,5,11,1,72,0,198,193,78
13,1986,1,94,2,89,60,1,21,1,87,3,190,241,87
6,1988,0,136,2,62,56,9,35,1,68,0,176,260,31
31,1986,0,116,3,71,65,10,50,1,92,3,177,273,20
20,1985,1,115,1,75,69,1,34,1,53,1,184,237,42
6,1992,0,53,3,82,30,1,25,1,37,1,182,120,9
17,1983,0,103,2,76,79,7,40,1,96,1,182,278,33
0,1993,0,33,2,80,11,5,5,1,29,0,189,73,25
4,1982,0,92,3,75,51,6,56,1,78,1,175,221,23
4,1989,0,133,0,70,65,9,41,0,91,1,178,289,21
47,1988,1,57,3,76,41,2,12,0,65,1,179,163,72
5,1983,1,227,0,72,108,9,44,2,97,0,176,432,6
2,1989,0,45,3,75,27,4,27,1,43,1,181,115,26
129,1985,1,158,1,77,102,2,19,0,112,1,184,372,55
0,1988,0,67,3,70,43,6,26,0,50,1,177,160,66
10,1975,0,188,3,90,136,1,128,5,185,10,188,509,41
4,1988,1,62,2,80,34,1,11,0,46,0,188,142,25
0,1994,0,1,1,77,0,1,1,0,0,0,184,1,56
0,1979,1,11,1,71,6,5,1,0,9,0,177,26,42
56,1979,0,105,3,71,56,7,37,2,122,1,180,283,41
4,1987,0,76,3,83,36,9,43,1,47,2,187,159,83
6,1991,0,81,3,70,22,1,19,0,23,0,183,126,29
83,1989,0,72,2,85,49,2,11,0,63,0,192,184,86
2,1991,0,32,2,75,22,4,15,0,38,0,185,92,33
2,1989,0,65,2,87,33,6,10,0,68,0,184,166,25
91,1984,0,397,2,79,113,4,90,1,101,2,183,611,12
2,1986,0,69,2,81,26,1,19,0,41,1,188,136,69
1,1985,0,32,3,72,23,7,19,0,54,2,178,109,20
0,1983,0,89,0,80,68,5,9,1,90,0,188,247,88
15,1987,0,67,3,72,30,3,47,0,48,0,175,145,62
21,1988,0,159,2,80,54,1,27,3,82,2,187,295,31
9,1989,0,42,2,90,43,1,12,1,50,0,197,135,85
52,1980,0,149,2,66,85,7,32,1,123,0,172,357,25
3,1990,0,44,1,75,34,4,12,2,41,0,180,119,49
0,1993,0,24,2,78,17,5,0,0,23,0,190,64,0
4,1984,0,154,0,69,85,6,50,2,92,2,180,331,80
34,1981,0,209,1,78,131,4,80,0,148,2,182,488,56
30,1980,0,194,1,69,119,4,83,1,125,1,177,438,42
6,1985,0,114,1,64,62,6,21,2,49,0,173,225,36
10,1981,0,119,1,77,108,9,84,3,154,3,180,381,75
0,1992,0,98,2,79,48,5,9,0,62,0,190,208,11
53,1986,0,112,2,79,58,10,59,1,86,2,180,256,74
21,1987,1,167,1,70,89,4,59,0,108,2,175,364,57
28,1985,0,116,1,71,66,10,53,0,67,1,175,249,5
3,1979,0,71,2,87,46,1,29,0,62,0,190,179,1
0,1982,0,101,0,92,78,5,14,1,132,0,191,311,88
98,1981,0,157,0,75,86,2,35,1,153,1,186,396,58
4,1986,1,77,1,69,53,4,28,1,66,1,172,196,76
41,1977,0,67,3,76,53,2,28,3,100,1,181,220,23
10,1990,0,47,2,76,29,0,6,0,36,0,182,112,2
4,1982,0,79,3,75,38,4,34,0,83,1,180,200,20
4,1981,0,94,3,73,51,4,55,1,79,4,185,224,35
6,1982,0,158,0,75,78,9,41,2,78,0,183,314,58
1,1971,0,247,0,91,151,5,7,1,184,0,193,582,80
0,1984,0,76,0,95,42,5,9,0,70,0,193,188,8
0,1982,0,43,0,79,36,5,4,2,45,0,193,124,43
9,1991,0,18,0,71,15,0,6,0,26,0,176,59,22
84,1980,0,144,1,78,63,2,61,2,71,0,189,278,5
40,1984,0,214,0,78,76,1,66,3,104,0,182,394,21
1,1989,1,31,3,71,21,6,11,0,34,0,174,86,37
19,1981,0,161,0,85,103,1,38,1,148,0,195,412,34
58,1984,0,142,0,75,74,0,20,0,105,2,176,321,8
3,1986,1,34,1,69,44,1,25,1,50,0,178,128,84
32,1987,0,84,3,68,55,11,28,0,82,0,175,221,23
4,1988,0,41,2,85,21,1,23,2,33,2,194,95,33
4,1990,0,51,0,70,32,6,18,0,32,0,172,115,27
4,1994,0,37,3,65,15,0,6,1,13,0,168,65,72
88,1985,0,147,0,70,78,11,15,0,95,0,186,320,34
32,1988,0,56,3,64,38,2,13,0,71,0,178,165,66
12,1988,0,252,3,73,54,4,75,1,34,1,189,340,29
123,1981,1,183,2,74,85,8,79,2,146,1,178,414,85
12,1989,0,38,3,84,26,1,41,3,47,2,187,111,72
0,1979,0,80,3,88,54,5,12,1,80,0,191,214,59
11,1990,0,69,3,75,38,4,42,1,55,1,182,162,50
27,1979,0,126,1,70,114,0,22,0,141,0,174,381,54
81,1986,1,134,0,85,103,2,38,1,143,1,185,380,78
24,1980,0,57,3,71,59,8,28,1,104,0,175,220,23
22,1991,0,66,3,65,32,0,15,0,46,0,176,144,83
47,1978,0,296,3,79,121,6,91,2,157,3,182,574,26
1,1992,0,41,0,77,9,9,3,0,21,2,185,71,6
9,1985,0,78,1,84,64,1,25,5,88,0,184,230,3
2,1994,0,3,2,81,3,9,4,0,10,0,179,16,11
0,1973,0,57,0,89,40,5,2,0,34,0,196,131,78
0,1984,1,107,3,78,75,5,20,3,112,0,184,294,50
1,1986,0,59,3,79,44,9,17,1,46,1,189,149,65
178,1984,0,283,0,75,84,8,61,4,99,1,171,466,46
70,1989,0,120,3,75,60,11,33,1,85,0,177,265,65
5,1989,0,68,2,78,35,1,53,2,53,2,185,156,25
81,1983,1,130,0,88,90,2,41,2,145,1,190,365,89
1,1986,0,53,3,76,28,6,58,1,67,2,173,148,60
1,1986,0,50,3,71,29,6,22,1,35,2,182,114,9
1,1982,0,49,3,78,30,5,11,3,40,0,182,119,62
18,1979,0,189,3,72,117,1,122,4,146,2,183,452,10
0,1981,0,136,1,87,98,5,9,2,80,1,192,314,36
9,1979,0,133,1,77,99,1,40,2,122,0,181,354,32
43,1984,1,101,2,77,81,0,33,0,125,0,177,307,69
112,1987,0,353,3,75,107,3,92,1,79,0,179,539,29
12,1986,0,32,1,68,33,0,28,0,39,0,180,104,3
6,1988,1,122,1,75,63,4,32,0,59,6,181,244,56
33,1986,1,101,0,70,85,7,33,1,129,0,170,315,8
31,1989,1,55,1,90,26,0,12,0,71,1,191,152,75
61,1988,1,61,1,84,48,2,19,1,46,0,194,155,36
5,1986,1,121,0,76,57,4,82,4,83,2,180,261,51
0,1985,1,2,1,80,0,5,0,0,3,0,191,5,77
27,1987,0,82,2,83,54,8,9,0,76,0,178,212,1
33,1986,1,71,2,79,44,11,22,1,47,0,188,162,31
17,1978,0,68,2,79,40,1,48,2,72,1,185,180,2
7,1982,0,119,0,77,95,4,55,1,126,2,186,340,34
3,1989,0,120,0,71,78,9,29,1,132,1,180,330,61
10,1989,0,84,2,65,34,6,19,0,36,0,175,154,16
0,1991,1,41,1,76,16,1,19,1,25,0,182,82,77
6,1989,0,95,0,90,25,1,8,0,41,0,193,161,47
84,1990,1,92,0,83,46,2,21,3,78,1,190,216,8
25,1986,0,162,2,84,96,6,66,1,153,2,186,411,31
53,1985,0,170,2,80,84,4,28,0,123,0,189,377,85
3,1993,0,49,2,81,28,6,12,0,30,0,184,107,69
8,1984,0,159,3,80,72,9,51,2,87,3,180,318,41
5,1994,0,29,2,75,16,0,8,0,15,0,186,60,38
18,1983,0,120,2,80,42,6,14,1,67,1,186,229,39
26,1983,0,200,2,80,79,1,74,0,146,3,185,425,39
63,1986,0,61,3,77,64,2,49,1,82,1,186,207,26
10,1987,0,115,2,75,65,4,29,1,96,1,180,276,86
0,1980,0,36,2,90,25,5,4,0,48,0,195,109,87
0,1980,0,69,2,90,45,5,20,3,69,0,190,183,1
0,1981,0,40,2,91,21,5,2,0,47,0,194,108,15
4,1980,0,168,2,92,54,1,30,0,88,0,194,310,31
12,1983,0,117,1,65,87,9,24,1,70,1,178,274,57
53,1988,0,71,2,75,48,2,17,0,58,0,184,177,74
52,1985,0,66,3,70,52,2,20,0,63,0,183,181,20
2,1986,0,30,3,63,28,9,16,1,32,0,173,90,72
6,1994,0,26,2,77,11,10,5,0,18,0,186,55,87
78,1985,0,150,2,80,69,11,36,2,97,1,185,316,31
5,1982,0,49,3,76,48,6,46,1,71,4,184,168,10
1,1983,0,132,3,84,76,5,19,1,111,0,185,319,65
264,1978,0,333,2,84,136,2,54,2,150,3,184,619,12
17,1980,0,178,2,81,103,9,76,0,138,2,183,419,87
9,1987,0,102,1,71,67,4,36,0,62,2,179,231,57
14,1991,0,62,1,72,27,10,21,1,30,0,186,119,55
117,1983,0,169,0,77,95,0,32,0,134,0,185,398,80
23,1987,0,87,3,70,60,9,48,2,56,3,176,203,72
5,1986,1,56,2,71,28,6,21,3,54,0,177,138,25
0,1987,0,71,0,96,43,5,13,1,31,0,203,145,46
31,1986,0,87,0,76,65,10,45,2,87,2,178,239,79
0,1985,0,40,3,88,37,5,18,0,59,0,186,136,26
1,1983,0,75,3,73,42,4,47,1,49,2,177,166,20
3,1983,0,113,2,72,68,6,38,1,89,1,178,270,85
34,1985,0,191,3,81,80,7,37,1,70,1,178,341,10
9,1984,0,104,3,81,38,9,58,1,51,3,187,193,67
29,1991,0,90,3,65,28,8,6,0,22,0,178,140,29
420,1985,0,435,3,80,118,8,93,5,97,3,185,650,63
16,1982,0,48,0,65,40,7,35,2,74,1,165,162,90
13,1981,0,130,0,84,73,1,50,2,88,2,190,291,79
10,1975,0,164,1,68,105,6,107,13,140,6,177,409,49
1,1992,0,8,3,70,4,9,1,0,4,0,178,16,83
5,1982,0,77,3,79,64,9,66,2,93,2,188,234,18
0,1992,0,8,0,76,1,5,1,0,9,0,193,18,6
79,1979,0,254,0,70,151,8,33,0,193,0,178,598,34
0,1979,0,84,1,90,87,5,5,0,90,0,194,261,4
13,1984,0,71,3,78,68,1,42,1,94,3,184,233,62
12,1990,0,56,0,71,24,4,12,1,40,0,178,120,51
18,1987,0,68,3,68,50,4,22,0,51,1,174,169,20
39,1983,0,375,3,64,110,9,146,2,101,8,173,586,29
4,1992,0,64,2,73,14,9,18,0,12,0,171,90,11
3,1987,0,52,3,74,33,10,26,0,45,2,179,130,65
0,1983,0,31,3,77,21,5,8,1,34,0,182,86,60
0,1985,0,22,3,85,25,5,2,0,21,0,196,68,66
36,1989,0,57,2,82,28,2,21,1,60,2,187,145,33
23,1984,0,161,0,75,67,1,23,1,74,0,187,302,43
8,1984,0,110,2,73,76,0,44,1,112,1,174,298,28
0,1991,0,29,2,84,18,5,2,0,15,0,189,62,69
22,1982,0,105,1,85,72,11,29,0,92,0,184,269,82
37,1988,0,89,2,79,42,0,34,2,65,0,182,196,69
7,1985,0,100,1,79,87,1,26,3,100,0,184,287,49
26,1990,1,50,2,77,25,7,13,0,56,1,179,131,85
7,1988,0,141,2,76,69,9,40,1,74,0,186,284,11
81,1989,1,106,0,76,47,2,10,1,63,0,188,216,21
60,1978,0,266,2,95,88,1,42,4,123,1,197,477,12
23,1989,0,89,1,74,54,9,15,0,73,0,181,216,92
8,1989,0,73,2,75,41,4,37,1,69,0,184,183,2
8,1991,0,16,1,77,13,2,8,0,19,1,181,48,5
5,1990,1,65,0,74,34,6,22,2,46,1,173,145,79
51,1990,1,115,0,73,38,2,12,0,56,0,185,209,47
5,1991,0,36,0,76,25,1,5,0,35,1,187,96,17
19,1983,0,183,2,87,65,1,58,2,70,3,188,318,12
9,1983,0,89,3,80,63,4,24,1,80,3,183,232,41
190,1984,1,177,0,73,118,2,16,0,171,0,180,466,8
27,1984,0,246,0,83,67,3,30,1,75,3,183,388,47
14,1987,0,83,0,83,34,0,30,1,31,0,180,148,27
15,1986,0,129,3,85,52,1,52,2,74,1,187,255,35
27,1992,1,155,2,75,38,6,11,0,65,0,180,258,12
47,1982,0,111,1,72,55,2,8,0,97,0,181,263,36
1,1982,0,60,3,82,45,5,17,1,52,0,189,157,60
7,1978,0,81,1,71,84,9,41,0,111,0,177,276,84
28,1990,1,61,0,70,46,10,16,0,90,0,173,197,58
28,1984,0,105,0,66,73,4,37,0,86,0,180,264,90
17,1987,0,183,0,73,47,1,70,0,61,0,185,291,21
12,1980,0,129,3,82,73,1,74,2,74,5,188,276,41
7,1980,0,181,1,77,97,1,41,1,112,1,199,390,42
3,1979,0,71,1,69,55,6,18,1,98,0,175,224,32
82,1986,0,275,0,67,77,0,44,2,98,1,170,450,46
0,1985,0,43,0,84,21,5,4,0,44,0,191,108,34
281,1981,0,340,3,69,107,2,62,5,107,2,175,554,29
0,1981,1,78,2,88,51,5,7,1,82,0,194,211,11
1,1991,0,80,0,77,38,6,13,0,53,0,187,171,51
23,1983,1,62,2,74,21,8,14,1,29,0,182,112,28
0,1990,0,136,0,82,46,5,6,0,66,0,190,248,47
6,1985,0,58,3,82,45,6,34,0,71,0,182,174,65
63,1978,0,140,3,68,97,0,81,3,134,1,175,371,20
27,1989,0,83,3,76,53,11,38,1,70,0,180,206,9
4,1991,0,18,0,72,15,3,7,0,25,1,178,58,80
20,1982,0,151,0,80,89,0,77,0,161,3,183,401,78
12,1989,0,110,1,84,49,1,39,2,54,5,188,213,55
98,1985,1,114,0,82,60,2,15,1,71,0,190,245,51
9,1994,0,24,0,76,7,3,6,0,15,0,181,46,46
20,1987,0,141,2,85,77,6,50,0,102,0,184,320,38
2,1989,0,55,2,79,39,9,24,0,73,0,188,167,38
5,1986,0,67,1,81,51,4,24,2,76,0,184,194,54
60,1984,1,99,2,74,50,2,26,1,74,1,174,223,39
109,1985,0,197,2,73,86,0,83,1,117,1,173,400,86
0,1985,0,82,3,85,62,5,25,1,90,0,188,234,83
0,1983,0,157,2,89,87,5,20,2,127,0,194,371,86
33,1988,0,65,3,60,52,0,48,1,76,0,161,193,50
38,1982,0,63,3,67,48,8,30,0,89,1,174,200,35
31,1981,0,136,3,83,101,1,76,4,128,6,184,365,26
7,1990,0,79,2,74,23,6,5,0,25,0,177,127,12
93,1988,0,113,3,81,53,2,68,4,66,1,189,232,10
19,1986,0,190,3,75,79,1,76,7,91,1,185,360,10
27,1987,0,30,3,76,21,2,12,0,35,0,174,86,65
0,1981,0,150,3,89,68,5,20,3,82,0,196,300,72
36,1980,0,176,1,88,82,1,107,4,72,1,188,330,57
18,1988,0,78,3,77,40,10,27,0,67,0,179,185,72
0,1988,0,27,3,75,9,6,10,0,22,0,180,58,23
258,1981,0,281,0,79,129,2,40,1,170,0,188,580,34
1,1993,1,31,1,77,7,9,5,0,25,1,183,63,77
55,1987,0,120,1,70,82,10,31,1,109,1,174,311,42
222,1981,1,263,0,78,115,2,47,3,167,0,183,545,58
3,1992,1,42,1,71,21,9,15,0,17,1,182,80,42
53,1985,1,46,2,75,32,2,19,1,45,0,187,123,74
10,1989,0,89,2,83,48,6,46,0,59,3,189,196,15
2,1984,0,81,2,78,58,9,27,0,76,0,188,215,28
0,1979,0,118,0,89,47,5,12,2,53,0,194,218,43
3,1982,0,80,3,69,50,6,19,2,61,0,180,191,62
56,1983,1,74,2,86,58,2,31,2,56,1,188,188,25
22,1980,0,150,2,81,78,9,24,2,140,0,181,368,33
37,1980,0,131,3,71,80,7,77,5,119,3,175,330,50
0,1977,0,135,3,87,101,5,29,3,157,1,188,393,59
33,1984,0,80,1,73,34,0,16,0,57,0,180,171,84
3,1988,0,33,3,78,28,1,24,1,42,2,179,103,18
76,1991,0,168,0,69,85,11,16,1,74,0,170,327,21
18,1989,0,72,2,77,46,3,32,1,68,1,180,186,74
182,1986,0,188,0,84,70,2,41,0,102,0,193,360,46
8,1986,0,32,3,72,17,8,7,0,27,0,176,76,67
51,1981,0,80,2,90,60,2,28,0,81,0,185,221,74
0,1988,0,35,3,73,19,1,8,0,28,1,180,82,9
27,1983,1,84,3,74,52,7,49,3,86,1,177,222,50
36,1987,1,119,2,77,76,8,28,0,101,1,176,296,87
18,1980,0,106,2,76,57,4,23,1,74,1,179,237,1
5,1987,0,48,3,79,35,4,18,0,40,2,184,123,65
27,1987,0,31,1,76,25,2,4,0,34,0,186,90,49
13,1983,0,152,2,90,114,1,79,3,163,2,189,429,86
46,1986,0,93,3,78,64,7,54,4,102,1,179,259,18
13,1980,0,112,3,80,66,1,84,3,89,5,185,267,72
170,1984,1,234,0,75,116,2,43,5,100,1,190,450,80
14,1979,1,120,0,78,88,1,33,0,150,1,183,358,90
43,1980,0,241,3,68,103,3,100,4,121,5,170,465,10
11,1994,0,60,2,82,23,3,34,0,34,1,184,117,12
0,1990,0,12,0,74,9,6,8,0,28,0,183,49,8
70,1988,0,133,2,83,71,2,27,0,84,1,190,288,2
2,1979,1,268,3,75,107,6,34,4,82,0,186,457,29
16,1993,0,42,2,74,13,1,14,2,49,0,183,104,25
89,1987,0,120,2,72,61,2,23,0,93,0,177,274,25
14,1983,0,133,1,65,94,4,44,0,120,3,175,347,82
9,1986,0,96,2,73,63,0,65,2,95,1,183,254,1
6,1982,1,98,3,80,51,6,28,0,61,1,183,210,23
15,1988,0,161,3,71,75,4,75,1,75,4,174,311,83
97,1985,0,196,1,71,97,2,62,4,104,0,173,397,57
3,1991,0,36,2,59,19,7,11,1,30,0,169,85,69
0,1990,0,48,2,93,33,5,9,2,55,0,196,136,33
12,1987,0,95,2,64,75,6,8,0,106,0,178,276,2
46,1986,0,103,3,70,57,11,37,5,91,3,169,251,37
0,1978,0,76,1,89,79,5,11,5,85,0,188,240,30
36,1985,0,104,1,68,65,7,28,1,98,3,176,267,24
32,1991,0,53,0,73,25,2,17,0,41,1,180,119,43
16,1988,0,149,3,70,38,6,51,1,55,5,179,242,63
4,1990,0,47,0,65,18,6,14,2,29,0,172,94,58
13,1979,0,105,1,69,79,10,16,0,75,0,176,259,54
4,1987,0,31,1,74,32,9,15,1,28,1,177,91,3
14,1979,0,102,1,73,82,7,35,4,121,2,184,305,92
18,1982,0,192,0,76,110,1,75,3,161,4,183,463,51
8,1989,0,64,2,67,46,9,27,1,41,0,168,151,86
13,1982,0,63,1,68,57,10,23,0,64,0,174,184,36
6,1989,1,49,2,75,35,1,25,4,40,0,185,124,69
15,1987,0,104,3,90,46,1,40,2,56,2,195,206,72
19,1991,0,39,0,72,21,2,11,0,52,0,185,112,47
14,1986,1,92,2,80,41,1,19,0,43,1,194,176,16
6,1987,0,46,2,85,33,1,31,2,37,0,193,116,39
29,1992,0,64,2,79,32,10,20,0,51,0,179,147,74
19,1991,0,43,2,70,50,0,38,1,64,1,184,157,87
3,1986,0,200,3,74,53,4,74,0,75,2,178,328,83
3,1982,0,170,3,69,85,6,117,3,132,4,176,387,72
238,1984,0,313,0,70,135,2,74,1,148,5,183,596,21
31,1978,0,133,2,79,92,6,34,0,130,0,181,355,15
6,1992,0,29,2,76,12,8,8,1,17,0,182,58,2
14,1980,0,176,1,64,127,4,86,4,107,0,170,410,42
105,1980,1,338,0,73,137,8,64,0,129,3,181,604,21
3,1993,0,53,2,82,23,6,10,0,21,0,187,97,87
2,1986,0,57,1,70,43,6,15,0,46,1,176,146,36
24,1983,0,58,1,68,60,0,13,0,61,0,179,179,84
2,1991,0,50,0,73,23,4,9,1,35,2,178,108,6
3,1983,1,129,1,72,92,9,52,0,71,3,180,292,42
127,1983,0,286,2,72,93,7,46,3,87,3,170,466,12
3,1981,0,72,1,69,75,6,35,0,108,1,173,255,76
21,1989,0,52,0,78,52,2,20,1,73,0,194,177,90
10,1989,0,29,3,81,18,0,8,0,24,0,187,71,60
5,1990,0,52,3,69,29,4,25,1,55,2,174,136,67
9,1983,0,122,1,77,67,9,30,0,58,0,186,247,5
265,1978,0,523,0,77,197,3,86,2,194,2,183,914,21
45,1987,1,74,0,82,47,2,21,0,73,1,172,194,79
82,1978,0,132,0,77,118,2,32,4,139,3,188,389,89
25,1983,0,186,3,74,85,4,112,0,112,7,180,383,10
81,1986,0,131,0,76,97,11,39,0,114,0,178,342,8
7,1989,0,85,0,79,38,11,4,0,45,0,186,168,51
9,1983,0,108,0,79,66,1,59,3,104,4,188,278,88
43,1989,0,115,3,64,68,10,44,0,82,0,167,265,37
2,1985,0,237,0,72,86,6,49,0,66,1,176,389,46
33,1981,0,87,1,65,78,7,20,1,102,1,176,267,84
3,1988,1,73,1,74,50,6,28,0,65,0,183,188,84
2,1986,0,25,3,75,23,9,30,1,46,3,182,94,26
4,1989,0,31,3,79,9,1,35,0,33,2,188,73,60
93,1989,0,162,0,74,78,8,32,1,96,0,183,336,80
65,1981,0,314,0,78,170,3,105,2,196,2,184,680,46
45,1986,1,39,2,79,21,2,24,0,39,2,187,99,69
4,1985,0,84,0,75,47,6,32,0,87,0,178,218,52
7,1988,0,61,1,74,35,9,29,3,41,0,180,137,49
31,1985,0,153,0,71,76,1,43,4,131,0,188,360,21
17,1982,0,174,0,74,101,1,69,7,162,2,180,437,90
28,1987,0,121,3,76,74,4,77,10,105,6,171,300,72
15,1985,0,88,3,71,54,7,28,0,83,2,178,225,35
0,1980,0,52,1,82,49,5,9,1,58,0,183,159,56
29,1980,0,116,1,66,66,7,46,1,95,0,171,277,75
0,1986,0,79,1,73,53,5,10,1,58,0,181,190,49
6,1993,1,57,3,76,27,4,21,1,37,0,188,121,72
9,1986,0,90,2,74,66,9,47,1,70,3,188,226,85
2,1981,0,157,0,74,96,6,64,1,157,1,180,410,89
91,1978,1,259,2,85,125,11,76,2,153,2,180,537,74
0,1982,0,66,3,78,46,5,13,0,50,0,186,162,23
7,1985,0,61,3,84,46,1,41,1,94,2,190,201,59
30,1993,0,39,2,82,24,2,0,0,35,0,193,98,33
88,1987,1,157,0,68,83,11,32,2,101,0,179,341,6
12,1991,0,17,1,74,20,2,11,1,26,0,180,63,42
1,1983,1,102,2,80,58,1,40,2,85,2,186,245,28
37,1977,0,223,0,83,103,0,66,1,115,1,176,441,34
53,1989,1,109,3,74,57,11,20,0,85,0,175,251,59
35,1989,1,53,2,77,36,7,30,2,36,1,181,125,28
17,1984,1,219,0,70,93,9,59,0,104,2,178,416,43
11,1983,0,136,3,83,62,1,51,1,89,3,190,287,67
23,1984,0,156,0,76,107,3,65,1,149,1,178,412,78
0,1981,0,188,0,82,68,5,12,1,76,0,191,332,80
0,1988,0,13,3,82,9,1,14,0,23,1,186,45,67
34,1987,0,177,2,74,78,10,76,1,116,3,171,371,11
177,1987,0,246,3,82,66,2,39,1,66,1,184,378,63
6,1985,0,102,0,71,64,1,45,6,87,1,178,253,88
6,1984,0,84,0,89,43,6,40,1,74,2,189,201,88
2,1991,0,71,2,74,46,9,13,1,56,0,176,173,85
20,1987,0,112,0,77,42,3,47,1,59,0,179,213,58
8,1992,0,78,2,82,37,3,27,0,34,1,185,149,15
5,1984,0,105,1,76,83,1,36,2,97,2,187,285,30
76,1980,0,94,1,70,97,2,15,1,119,0,183,310,84
5,1989,0,63,1,69,40,7,15,0,35,1,181,138,36
14,1988,0,175,1,69,54,1,33,0,47,3,172,276,57
0,1987,0,62,3,80,41,5,14,0,38,0,190,141,83
52,1984,0,71,1,80,56,2,15,0,48,1,191,175,57
20,1980,0,117,3,77,82,4,92,0,112,4,181,311,9
12,1985,0,109,3,82,69,1,70,5,112,4,184,290,20
1,1978,0,75,3,87,55,5,24,0,94,0,188,224,41
12,1981,1,177,0,83,87,9,61,1,107,1,187,371,89
0,1986,1,43,1,79,45,5,3,0,44,0,184,132,4
64,1989,0,98,0,77,51,0,15,0,78,0,186,227,80
10,1986,0,85,2,69,39,4,31,0,69,0,177,193,11
24,1981,0,181,2,80,103,4,104,0,171,1,182,455,0
8,1984,0,70,3,80,36,3,35,0,62,1,187,168,37
39,1987,0,123,0,69,64,7,15,1,74,0,177,261,51
7,1990,0,72,2,85,46,4,17,0,66,1,188,184,15
16,1988,0,130,3,80,76,1,65,3,96,0,184,302,26
15,1985,0,140,3,84,57,4,42,0,68,3,183,265,72
25,1980,0,119,2,86,54,1,15,1,103,0,189,276,25
41,1983,0,194,2,87,101,1,44,0,156,0,190,451,38
24,1985,0,99,2,78,56,6,37,0,74,2,174,229,74
0,1978,0,60,2,94,52,5,11,1,68,0,196,180,1
96,1982,0,172,3,74,95,2,58,1,127,2,182,394,67
5,1984,1,91,1,77,65,6,41,0,92,1,180,248,49
20,1990,1,59,1,73,51,11,1,0,36,0,174,146,36
12,1983,1,79,1,87,53,1,46,1,52,1,188,184,36
44,1992,0,68,2,76,27,11,8,0,66,0,183,161,38
0,1975,0,31,0,85,9,5,2,0,13,0,189,53,21
19,1977,0,146,1,73,105,1,37,4,94,0,182,345,49
28,1989,0,70,2,63,47,0,8,0,80,0,172,197,0
11,1989,0,142,2,83,52,1,37,1,48,1,190,242,12
1,1985,0,61,2,74,38,6,36,1,30,0,184,129,86
0,1986,0,182,0,73,116,5,6,2,97,0,186,395,80
1,1991,0,68,3,69,38,9,43,2,52,2,173,158,20
17,1990,0,45,0,67,15,7,12,0,43,0,173,103,80
15,1989,0,34,3,72,25,8,5,0,43,0,177,102,9
49,1986,0,196,2,76,61,0,32,0,39,0,180,296,31
32,1988,1,94,2,62,50,7,27,2,79,1,172,223,85
2,1989,1,62,1,64,40,4,19,1,26,0,174,128,42
2,1992,0,19,0,85,1,1,2,0,11,0,193,31,6
95,1983,0,166,2,83,90,2,43,1,101,0,187,357,15
6,1989,0,23,3,65,20,0,5,0,34,0,170,77,9
0,1981,0,525,3,84,136,5,23,1,139,1,185,800,63
75,1980,0,94,1,69,71,11,21,3,109,1,180,274,68
51,1992,0,58,2,91,32,2,14,1,55,0,191,145,74
6,1991,0,52,2,72,26,1,14,0,41,2,183,119,69
58,1984,0,401,3,65,106,7,47,0,68,0,170,575,29
9,1991,0,60,3,77,28,1,33,4,37,1,181,125,65
2,1988,0,37,3,74,16,3,17,0,31,0,178,84,9
0,1992,0,27,2,76,22,5,1,1,27,0,190,76,28
0,1981,0,135,3,81,72,5,21,0,115,0,191,322,9
34,1982,0,180,3,75,106,9,55,0,169,1,182,455,9
5,1981,0,105,3,70,62,4,76,5,93,1,179,260,37
6,1991,0,30,3,74,6,11,4,0,7,0,181,43,29
41,1992,0,100,3,74,30,0,16,0,34,2,176,164,50
0,1985,1,4,2,94,10,5,2,0,11,0,202,25,74
1,1989,0,71,3,75,45,4,55,0,60,1,187,176,9
152,1980,0,225,2,82,102,2,38,1,148,2,186,475,1
2,1988,0,38,3,74,17,6,17,0,34,0,181,89,67
67,1989,0,123,2,80,59,0,28,0,67,3,187,249,16
70,1988,0,202,3,75,84,0,41,0,104,2,184,390,72
43,1989,0,46,2,84,37,2,20,0,48,0,190,131,69
122,1979,0,204,2,85,92,8,26,0,87,0,183,383,86
43,1986,0,99,2,63,55,7,25,2,92,1,174,246,38
27,1989,0,69,2,75,37,3,19,0,50,0,183,156,28
0,1993,0,24,0,64,16,6,10,2,29,1,168,69,43
11,1991,0,73,0,70,38,4,17,1,40,0,188,151,46
11,1992,0,93,0,65,28,0,25,1,44,1,170,165,6
4,1991,0,16,2,72,9,10,6,0,21,0,185,46,38
0,1980,0,44,3,80,28,5,7,1,27,0,188,99,66
7,1990,0,29,3,74,26,7,19,1,68,2,176,123,37
6,1989,0,58,0,77,21,3,18,0,60,0,180,139,80
46,1985,0,159,2,71,73,10,22,0,79,1,175,311,16
2,1987,0,59,1,69,29,4,26,2,32,0,181,120,49
17,1983,0,117,0,83,93,1,54,1,125,1,188,335,89
15,1989,0,48,0,70,42,8,16,0,51,1,180,141,79
55,1986,0,265,0,67,121,10,60,1,152,0,170,538,46
7,1989,0,77,0,74,45,1,19,1,79,1,191,201,89
4,1978,0,408,0,83,175,1,96,3,175,0,185,758,43
16,1984,0,98,2,81,52,1,40,0,96,1,189,246,28
7,1990,0,75,2,82,31,1,18,0,37,0,195,143,1
10,1989,0,52,2,75,19,0,22,0,42,0,180,113,28
0,1982,0,77,0,87,33,5,10,0,46,0,189,156,27
21,1981,0,160,2,77,76,4,46,1,88,3,181,324,86
29,1986,0,82,2,76,47,0,18,0,76,1,186,205,69
50,1983,0,125,2,72,55,8,31,1,102,0,180,282,39
40,1987,0,200,0,79,73,4,66,1,88,1,189,361,80
5,1992,0,57,2,78,20,1,26,0,48,1,181,125,38
7,1989,0,31,2,97,19,1,16,0,19,0,201,69,39
10,1992,0,46,2,96,34,1,20,0,36,0,197,116,2
0,1979,0,82,2,90,50,5,16,0,83,0,192,215,38
33,1982,0,197,1,72,146,10,51,1,145,1,183,488,36
93,1978,1,138,0,89,82,2,39,5,127,2,186,347,61
10,1984,0,92,3,74,50,4,74,0,96,1,181,238,60
14,1987,0,158,0,82,42,4,66,2,51,1,186,251,46
92,1983,0,87,3,77,66,2,39,1,78,1,179,231,66
3,1989,0,29,3,72,15,3,11,0,22,2,177,66,72
8,1986,0,45,3,73,26,3,36,0,41,2,178,112,59
30,1988,0,184,2,81,71,4,92,3,102,2,190,357,12
2,1990,0,16,3,69,2,3,2,0,10,0,174,28,65
0,1982,0,47,3,73,30,5,9,0,43,0,182,120,20
5,1984,0,310,3,74,100,4,112,3,84,6,174,494,29
50,1989,0,140,1,78,45,0,22,1,62,2,187,247,57
10,1983,0,125,2,77,91,6,95,3,117,1,179,333,0
165,1981,0,286,3,60,106,2,36,2,98,1,168,490,50
3,1989,1,59,1,78,46,9,19,2,58,3,180,163,77
31,1984,0,130,0,81,74,7,45,3,103,1,178,307,90
14,1993,1,33,1,76,23,2,7,1,35,0,182,91,24
31,1983,1,193,1,65,129,4,68,2,118,2,172,440,77
14,1981,0,104,1,75,73,1,61,3,89,3,183,266,5
132,1984,1,231,2,84,94,8,55,0,117,0,178,442,31
0,1988,0,60,2,86,34,5,3,0,35,0,193,129,2
16,1988,0,112,2,86,46,4,20,0,66,1,193,224,11
36,1977,0,162,2,78,93,1,69,2,146,2,185,401,33
8,1979,0,151,1,76,91,1,47,0,116,0,186,358,24
6,1984,0,154,1,61,91,4,40,1,80,0,174,325,5
23,1983,0,160,3,83,116,6,64,0,116,1,192,392,83
53,1987,0,174,1,73,85,8,66,1,99,1,182,358,57
9,1984,0,89,1,71,87,6,30,1,76,1,172,252,56
6,1983,0,203,3,77,110,4,97,0,105,2,183,418,50
225,1982,1,256,0,65,133,2,52,3,175,2,170,564,80
44,1983,0,189,0,76,108,3,49,1,126,0,179,423,53
27,1981,0,166,2,81,82,4,122,1,111,9,184,359,31
16,1983,0,140,0,64,81,10,34,0,142,1,173,363,91
7,1988,1,215,2,90,70,1,66,5,74,2,192,359,12
1,1988,1,36,1,72,18,9,12,0,40,1,186,94,42
0,1985,0,75,3,70,60,9,63,2,81,2,182,216,50
41,1985,0,252,3,64,74,10,50,1,131,0,172,457,72
17,1980,0,80,3,78,69,4,63,0,86,1,182,235,23
55,1981,0,244,0,70,82,0,12,0,87,1,175,413,58
65,1985,1,142,1,74,95,2,42,0,96,0,180,333,55
17,1985,0,52,3,70,27,8,12,0,24,0,167,103,20
6,1984,0,154,3,70,72,9,75,1,73,2,172,299,83
74,1981,0,245,3,76,149,10,41,3,158,2,180,552,50
11,1990,0,113,0,62,57,0,25,0,63,1,168,233,43
76,1981,0,298,0,64,144,8,74,1,146,0,173,588,43
0,1987,0,195,0,80,74,5,10,0,81,0,191,350,46
0,1990,0,22,3,85,4,5,1,0,15,0,195,41,10
26,1991,1,114,2,89,45,4,24,1,68,1,193,227,31
3,1986,0,58,0,69,53,4,22,0,56,1,180,167,89
28,1983,1,42,2,75,35,8,18,0,53,0,180,130,85
2,1987,1,127,0,83,50,1,26,0,63,1,191,240,6
14,1987,0,87,2,80,56,4,38,0,80,1,190,223,69
6,1986,0,89,2,75,53,6,23,1,84,1,183,226,33
62,1980,0,365,0,77,152,6,36,1,205,0,185,722,34
4,1987,1,34,1,69,18,9,15,2,37,0,184,89,77
29,1992,0,31,0,79,8,2,8,0,14,1,185,53,46
7,1987,1,208,0,86,79,3,64,3,68,1,188,355,21
20,1981,0,337,0,75,127,1,37,1,129,0,190,593,79
0,1986,0,62,0,97,55,5,5,1,58,0,193,175,52
64,1980,0,436,0,75,140,1,97,3,120,2,184,696,21
88,1982,1,186,1,82,102,11,33,2,143,0,179,431,49
37,1983,0,269,0,72,99,1,87,1,104,4,180,472,27
33,1982,0,242,0,83,121,1,30,0,110,0,188,473,46
1,1993,0,29,0,76,7,9,12,0,9,0,180,45,43
106,1984,0,129,3,73,66,2,36,5,95,2,181,290,83
35,1992,0,77,2,67,33,10,17,0,53,0,176,163,16
10,1983,0,85,1,72,65,6,40,1,85,2,179,235,5
5,1990,0,52,3,74,19,3,13,1,21,1,172,92,29
0,1991,0,4,1,82,1,5,1,0,4,0,183,9,49
23,1990,1,49,0,76,29,2,10,0,47,0,183,125,80
45,1986,1,135,1,56,74,7,21,0,107,1,176,316,77
44,1990,0,80,2,77,47,10,5,0,64,0,179,191,69
4,1989,1,10,1,69,17,4,5,0,24,0,178,51,49
22,1989,0,45,3,65,28,11,22,3,41,1,171,114,83
0,1986,0,49,3,78,33,1,27,1,48,0,186,130,20
2,1978,0,149,1,84,122,9,86,5,104,5,190,375,82
9,1988,0,150,0,77,44,1,27,3,61,0,188,255,47
24,1991,1,67,1,81,42,11,24,1,53,2,182,162,56
22,1990,0,117,0,67,52,10,26,1,83,0,182,252,43
21,1989,0,134,3,69,56,6,58,1,60,1,170,250,29
1,1992,0,51,3,80,17,1,39,1,49,1,184,117,60
0,1982,0,25,3,87,21,5,2,0,30,0,189,76,35
81,1982,0,71,3,87,38,2,16,2,77,0,188,186,62
10,1982,0,74,1,69,43,4,18,2,51,1,178,168,49
9,1983,0,71,0,74,32,1,20,0,36,0,191,139,73
2,1989,0,45,3,77,34,6,28,1,54,2,182,133,65
49,1987,0,121,3,73,51,2,24,0,59,1,179,231,63
2,1993,0,27,3,72,8,3,7,0,23,0,179,58,72
14,1987,0,45,3,68,26,0,15,0,59,0,177,130,60
4,1986,0,113,0,82,67,6,17,0,73,1,184,253,43
14,1977,0,93,3,82,63,1,52,4,96,1,185,252,59
9,1982,0,68,1,63,50,4,23,1,64,3,170,182,84
27,1990,0,30,2,80,24,2,9,1,41,0,191,95,2
86,1986,1,124,2,81,60,2,17,0,79,1,184,263,87
11,1992,1,40,0,74,28,2,4,0,38,0,180,106,13
5,1979,0,163,2,66,69,4,74,3,93,1,170,325,86
36,1986,0,66,3,77,59,7,26,0,77,2,179,202,26
118,1980,0,181,2,76,145,0,46,3,210,0,180,536,15
3,1993,0,48,3,67,15,6,6,0,21,0,172,84,83
3,1990,0,25,3,68,17,7,9,2,40,0,176,82,62
9,1990,0,61,3,71,32,3,16,0,39,1,181,132,23
20,1982,0,90,3,80,74,4,69,1,120,2,185,284,35
3,1987,0,27,2,87,18,1,5,0,21,0,192,66,33
10,1976,0,207,3,78,127,6,121,8,153,7,183,487,41
19,1985,0,164,3,72,89,9,61,1,113,1,180,366,10
4,1988,1,31,3,72,18,11,5,0,43,0,179,92,63
19,1982,0,85,3,70,55,10,62,1,105,4,179,245,37
16,1993,0,34,3,63,22,2,9,0,34,1,170,90,50
5,1988,0,105,2,82,67,4,49,1,80,4,183,252,1
39,1993,0,95,2,74,31,0,19,0,48,0,185,174,31
5,1992,0,65,2,69,30,9,22,1,46,0,177,141,15
6,1991,0,62,2,73,28,6,8,0,43,0,183,133,11
50,1989,0,95,2,83,49,2,14,0,49,2,188,193,16
20,1985,0,105,2,78,52,4,41,0,81,0,190,238,69
39,1982,0,72,1,73,52,10,12,0,81,0,186,205,77
14,1986,0,36,1,65,43,8,9,0,50,0,168,129,30
10,1980,0,109,1,73,104,4,40,1,125,1,181,338,68
107,1981,1,180,3,72,79,0,33,1,92,1,183,351,50
0,1979,0,240,0,79,89,5,17,3,83,0,186,412,58
10,1983,1,107,2,76,49,6,37,1,66,2,185,222,1
42,1988,1,78,2,78,30,2,19,1,50,0,181,158,11
0,1975,0,171,0,80,137,5,28,4,216,0,193,524,89
57,1983,0,129,1,76,99,8,31,1,75,0,180,303,36
161,1982,0,318,3,78,102,0,44,0,77,2,186,497,63
13,1987,1,39,1,76,23,4,27,1,47,2,192,109,32
11,1982,0,67,1,70,54,7,40,0,96,1,181,217,75
16,1989,0,49,1,65,28,8,12,0,34,1,175,111,49
24,1990,0,48,2,76,30,11,15,0,46,0,183,124,11
185,1987,0,280,3,79,81,2,10,0,70,0,187,431,63
9,1985,1,38,2,85,34,4,21,2,45,2,184,117,69
21,1984,0,133,2,86,85,1,56,3,111,2,190,329,39
28,1985,0,117,2,75,65,11,38,0,96,2,181,278,25
34,1986,0,62,2,77,44,2,18,0,66,0,183,172,33
91,1984,1,127,0,78,82,11,16,2,158,0,188,367,78
0,1992,0,0,3,70,2,0,2,0,6,0,178,8,67
33,1991,0,86,2,76,40,0,13,0,62,2,181,188,87
102,1987,0,118,1,64,84,11,7,0,82,0,170,284,57
54,1988,0,177,2,72,66,8,33,1,72,0,186,315,16
79,1987,0,154,0,75,89,11,36,2,92,0,182,335,27
13,1991,0,67,2,90,23,4,30,1,42,1,185,132,86
12,1993,0,44,2,70,35,0,19,0,31,1,175,110,85
3,1989,1,52,1,77,34,9,14,0,48,0,180,134,77
0,1990,0,76,2,83,40,5,5,2,58,0,189,174,25
7,1991,0,67,2,80,39,4,24,2,50,1,194,156,28
58,1992,0,73,2,74,40,8,25,1,67,0,179,180,2
2,1989,0,20,3,75,17,6,14,0,24,1,176,61,59
5,1989,0,98,0,64,35,6,14,1,35,0,178,168,6
37,1984,1,121,0,69,64,7,63,0,114,1,175,299,34
38,1978,0,141,0,65,75,0,7,2,116,0,171,332,58
0,1986,0,50,3,84,42,5,14,3,61,0,191,153,26
56,1986,1,69,2,94,42,2,5,0,67,0,191,178,71
277,1983,0,249,2,78,86,2,43,2,114,2,186,449,31
5,1990,1,8,2,68,10,2,4,0,22,0,174,40,28
0,1992,0,27,2,83,20,5,3,1,31,0,196,78,2
15,1992,0,120,3,74,34,4,28,0,38,0,178,192,10
22,1993,0,55,2,76,15,3,17,0,28,1,181,98,11
20,1981,1,295,0,76,129,1,44,1,94,2,183,518,46
14,1990,0,91,2,78,52,7,21,0,82,0,182,225,39
5,1994,0,40,2,79,18,1,7,1,29,1,184,87,16
225,1988,0,246,0,74,99,2,56,3,117,1,172,462,46
8,1988,1,97,0,73,52,9,27,0,68,0,180,217,80
5,1990,0,113,0,73,59,9,32,0,54,0,178,226,80
13,1992,0,75,2,85,24,1,34,1,41,2,183,140,31
10,1980,0,68,3,78,38,1,26,2,69,1,185,175,60
34,1984,0,83,3,75,69,10,42,1,112,0,188,264,35
0,1989,1,26,1,74,20,9,16,0,28,1,181,74,30
7,1985,1,112,1,70,76,0,42,0,79,2,173,267,36
26,1989,0,128,2,77,65,4,32,0,84,1,184,277,11
39,1988,0,96,2,78,55,0,58,0,96,2,180,247,39
0,1990,0,60,2,100,27,5,4,0,42,0,198,129,31
13,1985,1,38,1,73,33,8,17,0,52,2,183,123,75
12,1991,0,62,2,88,32,1,10,0,59,0,196,153,74
3,1985,0,60,3,68,36,9,41,0,55,2,166,151,23
2,1979,0,101,1,62,89,6,15,0,83,1,170,273,42
20,1985,0,135,0,75,52,1,36,3,60,2,185,247,6
0,1982,0,12,1,76,4,5,1,0,16,0,184,32,49
9,1988,0,85,0,76,70,4,76,4,101,3,178,256,79
34,1984,0,205,0,74,118,6,52,0,137,1,170,460,27
0,1977,0,184,3,79,111,5,29,4,151,0,188,446,67
22,1983,0,84,2,81,31,4,33,2,57,3,188,172,39
10,1988,0,52,2,81,39,1,33,1,63,0,190,154,33
13,1985,1,95,0,71,60,1,37,2,101,3,186,256,52
56,1981,0,184,0,68,101,10,42,0,121,0,172,406,27
11,1994,0,26,2,67,6,0,4,0,13,0,169,45,87
54,1990,0,125,2,72,52,0,25,0,76,0,176,253,31
20,1984,0,115,0,64,105,1,58,2,125,0,177,345,88
0,1988,0,11,3,81,16,1,15,0,17,0,188,44,65
0,1979,0,14,1,74,15,5,1,2,16,0,182,45,75
387,1987,0,338,3,67,96,11,41,1,64,0,169,498,29
152,1983,0,172,1,72,79,2,33,1,73,0,175,324,55
31,1990,0,94,2,79,30,0,12,0,44,0,180,168,16
131,1985,0,161,3,94,81,2,21,0,137,0,195,379,9
56,1979,0,77,3,72,46,2,38,1,82,3,185,205,18
0,1989,1,0,1,76,3,9,2,0,9,0,182,12,55
89,1987,1,104,1,66,73,11,14,3,82,0,184,259,56
9,1984,0,63,3,72,38,1,32,1,66,1,182,167,18
0,1993,0,21,2,75,10,5,1,0,19,0,189,50,1
122,1978,1,201,0,75,116,2,20,1,124,0,184,441,79
11,1987,0,159,0,74,60,3,49,2,68,2,179,287,43
5,1990,0,37,1,81,22,6,15,1,39,0,183,98,56
12,1994,0,25,0,75,13,8,5,0,16,0,182,54,21
10,1983,0,65,3,72,32,0,21,2,47,1,177,144,67
1,1982,0,17,3,81,10,4,5,0,16,0,186,43,37
13,1987,0,64,1,78,42,6,21,1,54,1,178,160,55
133,1976,0,294,1,62,151,11,45,3,158,0,164,603,30
48,1984,0,144,1,68,117,0,48,4,118,0,171,379,36
234,1987,0,209,0,81,87,11,84,2,102,0,182,398,43
13,1987,1,159,2,80,44,4,63,1,55,6,187,258,12
34,1985,0,189,3,65,80,0,41,0,83,0,174,352,63
186,1985,0,234,0,80,98,2,56,2,142,1,180,474,6
0,1993,0,57,2,86,9,5,3,0,11,0,194,77,12
23,1991,0,65,2,73,42,11,9,0,44,1,178,151,15
7,1988,0,71,2,80,41,6,26,1,55,2,184,167,87
0,1985,0,60,0,84,15,5,1,0,29,0,190,104,6
23,1985,0,137,2,78,67,9,10,0,82,0,184,286,16
9,1979,0,165,0,78,113,9,67,0,171,0,183,449,58
3,1991,0,26,3,68,13,6,15,1,37,2,177,76,72
64,1990,0,92,2,86,40,2,14,0,65,0,188,197,15
29,1981,1,227,0,76,97,4,74,0,89,3,183,413,34
38,1981,1,257,0,77,99,9,70,2,77,2,184,433,46
6,1982,0,50,3,80,40,1,32,1,68,1,187,158,37
8,1984,0,112,2,72,62,10,26,2,73,1,180,247,86
11,1990,1,104,1,82,61,1,23,4,51,0,187,216,57
65,1987,1,70,2,79,36,8,21,1,63,1,185,169,39
5,1981,0,75,3,72,43,6,50,1,80,0,175,198,35
53,1984,0,103,3,77,70,2,26,2,110,0,185,283,72
36,1983,1,52,3,83,60,2,16,0,61,2,187,173,66
35,1979,0,194,2,87,99,1,56,0,128,1,189,421,11
8,1984,0,90,3,65,56,4,68,4,93,5,174,239,50
0,1986,0,273,2,92,70,5,12,0,81,0,193,424,12
2,1976,0,196,3,80,104,9,50,1,138,1,176,438,23
17,1988,0,105,2,70,44,4,40,1,87,1,170,236,39
4,1989,1,97,1,77,49,1,37,1,67,3,184,213,49
0,1992,0,85,2,85,45,5,10,0,47,0,189,177,15
56,1981,1,132,0,81,88,2,8,1,113,0,182,333,88
3,1982,0,61,3,78,53,9,43,1,77,1,181,191,18
6,1991,0,76,2,76,39,1,13,1,54,0,188,169,16
6,1982,0,154,1,76,105,1,56,7,78,0,183,337,36
11,1995,0,16,2,64,6,0,9,0,15,0,171,37,25
4,1987,0,54,3,71,52,1,28,1,59,1,184,165,66
2,1987,0,71,0,80,48,1,34,1,81,0,188,200,78
0,1976,0,75,2,85,46,5,6,0,64,0,194,185,85
9,1986,0,74,2,73,60,6,37,0,83,1,174,217,28
11,1991,0,76,2,82,36,1,24,1,55,1,186,167,16
22,1984,0,163,2,75,79,6,23,0,124,1,184,366,86
4,1988,0,149,2,74,60,6,31,1,52,1,181,261,16
30,1985,0,145,2,89,76,7,32,0,106,0,191,327,38
0,1993,0,12,3,81,5,1,7,1,8,0,192,25,19
20,1979,0,250,3,78,130,1,144,4,129,10,183,509,23
13,1984,0,86,2,75,63,4,25,0,91,0,180,240,1
20,1983,0,109,1,71,32,4,55,1,60,1,175,201,49
16,1989,0,71,2,78,28,4,23,0,35,0,186,134,31
98,1989,0,126,2,67,60,8,35,0,84,0,180,270,16
19,1985,0,91,2,75,67,1,53,1,94,1,190,252,86
21,1991,0,38,2,74,28,2,8,0,52,0,176,118,69
2,1992,0,86,1,60,28,0,40,1,30,4,165,144,57
3,1983,0,53,2,87,41,1,25,0,43,0,187,137,0
94,1986,0,119,2,76,52,2,26,1,70,0,184,241,38
0,1994,0,3,2,83,0,5,1,0,6,0,186,9,39
8,1986,1,118,1,69,65,9,38,1,69,0,177,252,36
3,1982,0,63,3,75,33,1,30,1,64,5,178,160,62
101,1990,1,136,0,88,63,2,76,3,54,5,189,253,46
23,1981,0,139,2,84,70,1,46,0,119,1,189,328,39
67,1992,0,140,2,64,41,0,10,1,32,0,176,213,16
251,1985,0,254,2,88,86,2,36,0,113,1,189,453,12
122,1986,0,162,2,84,53,2,52,1,67,1,187,282,12
10,1987,0,123,3,80,45,4,61,0,54,2,188,222,10
37,1987,0,129,0,70,71,4,61,0,118,3,180,318,89
0,1972,0,279,0,85,184,5,12,1,259,0,194,722,34
1,1986,0,67,3,78,31,4,32,1,42,3,181,140,65
44,1989,0,79,2,83,51,11,26,2,83,2,192,213,87
21,1982,0,127,1,75,90,1,30,2,71,2,189,288,42
33,1989,0,119,0,63,70,0,28,0,87,0,170,276,21
41,1982,0,124,2,82,73,0,52,1,103,0,181,300,0
0,1982,0,89,2,92,50,5,6,0,89,0,189,228,39
90,1982,0,147,0,76,69,2,36,0,121,1,185,337,88
95,1984,0,175,0,70,105,2,63,2,119,2,185,399,6
51,1987,0,147,0,85,93,4,81,2,84,4,194,324,27
11,1975,0,179,3,76,86,4,93,1,148,1,180,413,59
15,1982,0,113,2,85,50,1,19,0,84,1,194,247,25
31,1980,0,270,3,80,95,1,102,5,96,2,184,461,50
96,1987,0,130,2,73,69,2,38,0,126,3,185,325,85
3,1990,0,41,0,77,15,1,6,0,17,0,191,73,43
30,1984,0,125,2,79,51,4,69,0,99,2,190,275,25
3,1991,0,80,3,74,23,9,17,0,26,0,174,129,29
22,1984,0,165,0,81,84,1,69,1,98,1,191,347,43
22,1980,0,178,2,83,112,1,70,5,145,4,190,435,15
8,1985,0,101,2,75,56,1,33,2,84,2,185,241,2
41,1994,0,48,2,75,20,2,12,0,29,0,188,97,16
10,1988,0,83,1,63,52,0,35,0,78,0,171,213,42
5,1992,0,48,2,76,36,6,23,0,52,0,181,136,0
0,1987,0,54,2,89,16,5,2,3,19,0,192,89,86
18,1984,0,62,3,73,43,0,29,0,67,2,184,172,18
94,1988,0,204,0,61,77,0,31,0,89,0,170,370,21
40,1982,0,172,1,76,108,4,43,1,90,0,188,370,57
11,1986,0,61,1,66,61,4,14,0,74,1,174,196,30
4,1993,0,52,0,79,23,1,16,0,24,0,187,99,46
32,1988,0,181,2,90,74,1,36,1,64,0,192,319,16
3,1991,0,22,0,84,13,6,7,0,24,0,188,59,34
35,1981,0,163,0,67,100,7,29,1,151,1,178,414,78
54,1981,0,159,0,73,101,7,41,1,175,0,178,435,89
18,1979,0,181,0,72,110,1,46,2,159,0,185,450,78
27,1994,0,61,2,85,32,1,11,0,40,0,188,133,69
3,1988,0,40,2,83,17,1,10,0,19,0,186,76,2
1,1990,0,71,2,71,34,6,25,0,52,2,178,157,28
4,1980,0,147,1,75,89,9,73,4,90,3,179,326,36
9,1981,0,143,2,86,86,1,58,3,117,3,193,346,2
37,1984,0,156,1,58,83,10,35,0,94,0,167,333,56
19,1986,1,110,0,85,49,4,37,1,58,2,183,217,78
0,1987,0,50,2,86,32,5,1,1,34,0,190,116,74
57,1988,0,116,2,82,46,2,18,0,96,0,180,258,69
39,1989,1,73,2,84,50,2,7,0,74,0,190,197,1
9,1989,0,96,1,76,43,4,42,0,53,3,186,192,55
33,1994,0,64,2,74,22,0,16,1,18,0,183,104,86
60,1990,0,85,2,81,43,10,30,1,50,1,180,178,38
20,1981,0,293,1,73,82,6,26,0,51,0,175,426,57
9,1983,1,105,0,85,78,6,48,2,133,1,180,316,90
5,1984,0,71,3,71,56,4,40,1,100,2,178,227,35
0,1992,0,8,1,68,5,9,1,0,1,0,175,14,55
31,1990,0,67,2,79,47,0,26,0,57,0,180,171,87
2,1984,0,63,2,77,24,9,30,0,56,0,185,143,69
8,1986,0,88,2,84,67,1,45,0,84,5,189,239,74
76,1988,0,260,3,76,82,0,28,3,76,0,183,418,63
79,1987,0,100,1,69,78,2,17,1,98,0,179,276,77
12,1988,1,137,0,83,46,9,35,0,88,0,180,271,46
29,1981,0,338,0,74,126,3,46,0,147,1,186,611,47
17,1983,0,194,0,76,108,1,68,4,113,1,188,415,80
59,1982,1,294,3,85,101,4,90,2,102,5,177,497,63
39,1983,0,125,3,70,73,0,29,1,114,1,170,312,20
0,1988,1,71,2,74,52,1,25,1,77,0,184,200,38
244,1979,0,262,0,70,128,2,13,0,141,1,173,531,78
0,1984,0,129,2,92,65,5,19,0,77,0,190,271,11
9,1989,0,71,2,78,38,9,17,0,46,1,185,155,86
29,1983,0,165,0,77,89,7,51,0,135,0,183,389,40
17,1983,0,89,0,79,80,1,42,1,114,1,193,283,52
27,1984,0,114,2,76,64,6,32,1,71,1,184,249,11
65,1983,1,128,1,71,87,7,27,0,83,1,177,298,55
1,1985,0,48,3,72,24,4,42,3,58,1,183,130,35
20,1988,0,60,3,73,34,3,26,1,40,1,180,134,41
2,1982,1,33,0,76,19,4,8,0,34,0,186,86,34
0,1979,0,299,1,80,192,5,13,1,212,0,184,703,42
9,1984,0,75,3,72,61,1,46,3,95,1,177,231,18
1,1986,0,96,3,76,37,6,41,1,69,2,184,202,35
30,1986,0,66,2,79,51,7,16,1,78,1,180,195,0
92,1983,0,149,2,85,95,2,17,2,135,1,185,379,15
0,1972,0,55,0,93,50,5,5,3,100,0,193,205,90
64,1982,0,216,0,69,99,0,66,3,112,2,176,427,6
6,1985,0,85,3,79,61,1,52,1,70,4,190,216,65
19,1984,0,73,3,75,54,4,33,0,74,1,178,201,37
33,1989,0,135,2,76,48,3,33,0,64,0,186,247,38
7,1983,0,110,1,81,86,1,49,2,86,2,185,282,55
30,1983,0,98,2,65,52,10,31,1,44,0,175,194,28
17,1977,0,143,2,88,106,4,135,2,128,6,189,377,74
16,1984,0,183,3,76,76,1,68,2,67,4,186,326,10
0,1988,0,35,2,81,10,5,3,1,15,0,192,60,16
147,1981,0,172,0,81,84,2,21,1,109,0,185,365,34
50,1987,1,64,0,76,51,8,25,2,102,1,185,217,89
0,1989,0,14,2,89,18,5,6,0,29,0,187,61,28
9,1985,1,179,1,81,63,4,82,1,77,6,191,319,57
74,1985,0,83,2,82,44,2,8,0,96,0,182,223,39
7,1981,0,84,3,85,59,4,64,1,72,4,185,215,37
0,1994,1,0,1,65,0,4,0,0,2,0,176,2,56
40,1992,0,64,3,82,11,2,14,0,8,0,190,83,63
20,1985,0,85,1,68,79,10,50,1,86,0,176,250,56
9,1992,0,72,2,66,32,0,15,1,34,1,176,138,16
2,1986,1,102,1,65,56,6,31,3,75,1,176,233,55
57,1987,0,188,0,64,94,3,34,3,133,0,177,415,80
27,1989,1,103,1,83,73,0,39,0,101,1,187,277,82
13,1975,0,165,3,70,114,4,70,2,160,1,171,439,67
0,1984,0,78,3,82,55,5,11,2,86,0,189,219,35
36,1992,0,116,3,63,50,11,38,1,76,0,169,242,9
5,1993,0,33,2,73,22,3,12,0,22,0,175,77,16
14,1986,1,61,3,67,37,11,24,0,62,0,168,160,41
13,1980,0,116,3,70,75,7,58,0,117,2,175,308,62
0,1990,0,36,3,75,11,1,11,0,10,0,179,57,63
46,1982,1,167,2,89,71,1,46,2,93,0,198,331,86
66,1984,1,109,2,82,57,2,43,1,82,1,180,248,33
61,1986,0,214,0,66,64,11,27,3,65,0,175,343,47
19,1982,0,71,3,80,42,6,31,3,79,1,186,192,18
7,1986,0,58,3,70,36,0,39,1,68,0,177,162,20
11,1986,1,96,0,78,57,1,8,1,76,0,183,229,58
0,1990,0,6,0,76,4,5,0,0,11,0,191,21,34
25,1991,0,43,3,75,41,2,20,1,52,1,184,136,23
113,1983,0,209,3,73,107,2,75,2,145,1,178,461,83
4,1983,0,84,3,65,59,9,22,2,70,1,171,213,62
7,1987,0,44,1,84,34,1,18,1,54,0,185,132,54
26,1981,0,237,0,82,64,1,71,4,66,5,188,367,47
90,1981,0,132,1,70,86,7,41,1,117,1,181,335,57
24,1988,0,169,2,88,66,1,32,1,65,1,193,300,16
37,1988,0,69,3,75,31,2,31,0,80,1,183,180,60
14,1981,0,183,0,67,103,6,25,2,147,0,175,433,61
36,1993,0,38,2,78,24,2,4,0,44,0,188,106,87
0,1993,0,6,0,65,5,4,1,0,3,0,174,14,7
59,1987,0,101,2,66,66,8,43,0,83,0,173,250,1
0,1980,0,83,1,77,69,5,4,2,76,0,185,228,57
56,1984,0,89,1,81,92,2,49,0,73,0,191,254,76
11,1985,1,101,1,76,84,8,25,0,102,2,182,287,36
3,1990,1,93,1,77,68,1,32,1,79,0,180,240,56
0,1981,0,116,1,78,116,5,12,4,176,0,185,408,84
109,1985,0,144,0,84,71,2,32,0,67,1,186,282,27
31,1987,0,62,2,74,46,8,3,0,60,0,183,168,1
10,1990,0,71,2,77,33,1,6,0,41,0,185,145,15
0,1993,0,41,2,84,21,5,1,0,25,0,188,87,11
11,1986,0,90,2,75,49,1,26,1,67,1,188,206,1
22,1991,0,75,2,73,30,7,19,1,48,0,181,153,39
29,1979,0,192,2,87,125,1,67,2,180,2,190,497,1
1,1984,0,69,3,72,40,6,37,1,47,2,180,156,41
0,1990,0,3,2,82,2,5,0,0,10,0,190,15,33
80,1988,0,85,2,80,52,2,16,0,86,0,188,223,87
70,1980,0,62,3,68,58,2,16,0,84,0,169,204,18
3,1994,0,56,2,80,15,1,15,0,24,0,185,95,0
47,1988,0,75,1,78,52,2,26,0,42,1,182,169,42
0,1993,0,18,3,72,15,3,18,0,23,1,178,56,62
38,1988,0,176,0,65,65,3,26,0,75,1,179,316,43
125,1984,1,164,3,67,97,2,20,1,113,0,176,374,41
27,1989,1,42,3,70,23,2,17,0,62,1,188,127,37
11,1989,0,125,2,83,35,1,39,2,69,1,186,229,11
12,1993,0,26,2,76,14,0,4,1,19,0,172,59,87
26,1982,0,176,3,95,74,1,54,3,81,5,194,331,50
2,1986,0,44,3,66,28,9,27,0,48,0,178,120,18
0,1974,0,165,2,86,103,5,11,0,146,0,187,414,25
0,1990,0,91,2,80,51,5,1,0,72,0,187,214,69
24,1982,0,132,2,80,91,10,60,1,105,2,187,328,33
12,1982,0,85,2,70,52,10,17,0,85,0,183,222,16
3,1990,0,101,2,77,39,9,16,0,60,1,175,200,69
68,1981,1,86,2,86,52,2,18,3,62,0,185,200,25
21,1979,0,176,1,75,123,7,64,0,160,1,183,459,92
2,1977,1,88,1,70,65,9,54,1,77,3,177,230,32
2,1988,0,39,3,65,41,7,20,0,72,1,175,152,66
1,1986,1,54,1,67,45,1,38,1,44,3,177,143,77
2,1991,0,53,0,79,25,4,20,1,18,0,182,96,21
17,1981,0,84,3,75,76,7,64,3,91,3,180,251,41
11,1985,0,135,2,82,52,6,18,0,60,0,181,247,15
71,1982,0,155,3,71,113,0,39,1,135,0,180,403,66
3,1993,0,19,3,76,12,1,11,0,11,0,186,42,23
48,1989,0,110,3,63,72,8,31,0,84,1,163,266,83
8,1992,0,34,3,70,22,7,13,0,35,1,174,91,35
18,1985,0,219,0,69,103,9,100,2,114,4,173,436,46
24,1993,0,34,3,71,22,2,7,0,21,0,174,77,35
13,1992,0,52,0,76,26,4,22,0,56,0,187,134,34
3,1986,0,71,3,73,32,4,40,1,55,3,173,158,41
1,1973,0,192,3,83,80,5,39,2,115,0,184,387,72
11,1980,0,100,1,70,74,4,32,1,72,2,180,246,82
2,1991,1,24,1,80,9,4,5,0,21,0,190,54,84
5,1984,1,105,3,75,65,1,57,1,82,6,181,252,37
1,1988,1,17,1,74,8,1,8,1,17,0,190,42,56
97,1985,1,81,0,73,49,2,25,1,100,0,183,230,51
0,1982,0,72,3,77,58,6,71,1,80,1,175,210,67
23,1989,0,105,3,74,54,4,52,0,78,1,180,237,83
12,1981,1,352,0,76,119,6,88,2,111,2,175,582,47
0,1993,0,45,2,87,14,5,0,0,11,0,193,70,86
30,1987,0,91,3,68,62,7,54,0,94,2,172,247,66
140,1984,0,127,2,81,69,2,21,1,86,0,182,282,86
41,1991,0,94,2,69,46,7,22,0,66,0,179,206,15
9,1984,0,109,2,71,81,9,77,2,114,1,179,304,2
19,1979,0,155,2,87,68,9,24,0,92,1,187,315,16
0,1993,0,34,2,85,18,5,2,0,15,0,187,67,0
22,1994,0,56,2,73,19,2,8,1,21,0,181,96,12
31,1980,0,133,2,81,95,1,89,1,176,5,191,404,38
150,1974,0,449,0,72,156,3,146,3,131,6,170,736,47
12,1983,0,102,2,72,72,9,49,1,124,0,178,298,28
13,1982,1,63,3,86,54,1,30,1,81,3,188,198,62
2,1979,0,195,0,76,53,9,22,0,52,0,182,300,21
9,1980,0,66,2,86,42,1,25,1,54,1,193,162,69
95,1983,0,129,0,76,68,2,44,1,97,3,185,294,61
30,1986,0,71,3,72,40,10,35,1,87,1,183,198,35
5,1983,0,78,3,72,57,9,43,3,86,4,174,221,41
3,1992,0,10,3,79,18,2,2,0,15,0,189,43,10
23,1981,0,57,3,72,41,11,30,0,64,0,175,162,41
101,1987,0,223,3,64,46,11,23,0,34,0,169,303,29
106,1979,1,197,1,72,122,8,17,0,156,1,178,475,57
1,1983,0,75,3,73,59,6,33,0,65,2,181,199,66
41,1991,1,64,2,89,46,2,14,0,72,0,195,182,15
0,1982,0,340,0,92,159,5,25,2,148,0,188,647,43
17,1983,0,235,3,81,53,1,86,3,59,4,188,347,63
34,1984,0,281,0,85,112,1,25,3,125,1,198,518,6
13,1982,0,59,2,87,39,1,19,1,54,0,190,152,0
12,1987,0,100,2,74,54,0,16,0,69,0,175,223,38
163,1981,0,232,0,80,134,2,31,2,160,2,202,526,78
0,1990,0,65,0,75,11,5,2,0,30,0,190,106,44
105,1981,0,156,0,75,106,2,43,2,125,1,182,387,88
0,1982,0,385,0,87,140,5,9,1,140,0,197,665,21
18,1986,0,85,2,77,44,7,24,1,58,0,180,187,38
12,1985,0,100,0,73,63,9,56,0,115,3,180,278,79
27,1982,0,241,0,83,131,1,25,2,137,0,180,509,27
5,1992,0,84,0,71,36,1,24,0,40,0,180,160,47
12,1977,0,392,0,75,155,9,111,1,154,2,180,701,27
5,1989,0,61,2,71,37,4,34,0,55,1,174,153,87
25,1992,0,54,2,69,28,3,4,0,37,0,174,119,0
20,1983,0,397,2,66,108,6,46,0,110,0,170,615,12
10,1989,0,89,2,88,33,1,28,0,69,0,194,191,11
12,1985,0,133,0,84,67,1,45,2,74,1,190,274,34
3,1987,0,44,3,78,31,3,30,0,45,0,185,120,59
0,1975,0,110,3,82,46,5,17,1,73,0,185,229,29
53,1984,0,208,3,73,96,0,37,0,118,1,168,422,72
29,1987,0,269,3,85,71,1,77,4,41,4,192,381,29
8,1987,0,113,2,68,57,4,50,1,90,1,178,260,25
1,1987,0,19,0,77,12,1,12,1,28,0,184,59,90
53,1981,0,81,3,69,47,0,46,0,82,0,174,210,60
21,1989,0,37,3,66,41,8,14,0,53,2,172,131,23
5,1991,0,23,3,63,14,0,3,0,32,1,170,69,62
12,1991,0,21,2,63,20,0,3,0,28,0,178,69,87
24,1975,0,146,3,73,111,4,144,3,185,3,179,442,18
20,1978,0,422,3,80,134,1,119,1,100,2,178,656,29
210,1986,0,192,3,72,75,2,54,2,77,0,177,344,10
2,1980,0,74,2,78,56,6,46,0,73,1,180,203,1
4,1985,0,52,3,72,41,6,46,1,69,2,183,162,35
185,1983,0,319,2,74,118,0,78,4,135,1,176,572,38
7,1990,0,112,0,80,26,9,33,1,31,2,173,169,47
16,1985,0,200,2,68,62,9,80,2,78,2,172,340,12
23,1993,1,45,3,65,30,0,20,1,46,0,172,121,29
8,1985,0,126,2,79,77,1,38,2,148,0,185,351,28
16,1994,1,51,0,69,15,10,9,0,23,0,170,89,43
0,1988,0,54,2,93,20,5,3,2,41,0,196,115,31
0,1993,1,19,3,68,12,1,2,0,12,1,181,43,9
51,1987,1,212,0,64,66,3,85,1,85,7,180,363,21
14,1984,0,76,0,82,48,1,38,2,88,2,188,212,90
2,1994,0,33,2,83,19,4,14,0,36,0,188,88,85
2,1989,1,15,3,83,14,4,10,0,28,1,192,57,18
30,1993,0,65,2,85,39,3,18,1,54,0,193,158,85
0,1979,0,143,2,92,89,5,31,0,147,0,190,379,0
9,1993,0,65,3,78,19,1,5,0,22,0,191,106,63
0,1988,0,44,2,86,41,5,3,1,79,0,190,164,87
40,1990,0,94,2,70,26,2,7,0,45,0,192,165,86
10,1985,0,242,3,82,71,1,68,3,79,1,190,392,63
59,1986,0,212,3,81,84,0,106,3,107,3,183,403,10
0,1987,0,23,3,74,25,1,12,1,41,0,183,89,26
0,1988,0,5,3,86,11,5,1,0,4,0,196,20,9
6,1991,0,37,3,74,15,7,18,0,38,1,183,90,50
8,1984,1,56,1,74,62,4,28,0,68,1,180,186,84
29,1990,0,49,1,62,37,0,16,0,45,0,171,131,49
0,1980,0,58,1,72,27,5,9,0,31,2,184,116,55
24,1983,0,121,1,87,93,1,71,7,97,2,191,311,54
23,1984,0,94,1,78,80,4,32,0,80,2,180,254,5
0,1985,0,123,2,87,56,5,17,0,107,0,191,286,38
81,1983,0,246,3,73,122,7,75,5,141,5,176,509,72
19,1978,0,281,3,79,87,1,82,1,59,3,182,427,63
21,1981,0,102,3,80,64,1,50,4,80,7,183,246,83
9,1992,0,69,2,77,34,6,8,0,45,1,180,148,86
42,1986,1,64,0,79,46,8,13,0,77,0,188,187,89
16,1979,0,224,0,95,157,1,94,6,212,6,188,593,8
0,1993,0,37,2,90,13,5,6,2,33,1,194,83,87
0,1983,0,35,3,76,37,5,9,1,67,0,185,139,18
67,1980,0,113,3,84,75,2,39,0,116,3,187,304,23
16,1978,0,431,0,82,146,1,51,0,149,1,189,726,47
7,1984,1,192,1,64,126,4,43,1,94,0,171,412,42
52,1981,0,88,2,94,48,2,24,0,85,1,195,221,25
30,1988,0,73,2,70,44,10,25,0,52,0,179,169,33
0,1984,0,52,2,88,24,5,1,0,36,0,194,112,33
0,1980,0,197,0,77,119,5,4,2,188,0,188,504,58
25,1984,0,134,0,80,87,1,69,2,112,1,187,333,78
157,1988,0,180,2,78,72,2,31,1,66,0,184,318,16
17,1991,0,34,2,75,27,11,9,0,48,0,179,109,0
17,1987,0,69,2,78,46,4,16,2,71,1,182,186,38
18,1985,0,78,2,74,33,7,26,0,58,3,183,169,74
38,1991,0,37,2,76,30,0,19,0,49,0,180,116,2
6,1985,0,74,3,76,45,7,37,0,71,5,178,190,20
0,1979,0,55,3,78,35,5,24,1,58,0,181,148,37
0,1986,0,87,3,76,26,5,16,0,65,0,192,178,67
236,1983,0,305,0,71,110,11,72,3,94,2,183,509,47
7,1981,1,133,1,78,107,9,41,4,114,0,186,354,56
0,1991,0,30,3,85,16,1,19,0,25,1,192,71,23
23,1981,0,120,2,81,75,1,46,4,94,3,192,289,15
29,1987,1,66,3,71,63,7,24,0,88,2,180,217,18
8,1986,0,104,1,71,68,10,21,0,69,0,184,241,77
7,1977,0,129,1,70,104,4,59,1,118,1,178,351,49
18,1988,0,139,2,83,54,1,29,0,69,2,190,262,31
0,1980,0,206,2,85,95,5,29,3,113,0,188,414,16
45,1983,1,143,3,88,87,4,64,3,135,1,187,365,67
79,1993,1,103,0,95,45,2,12,0,63,1,193,211,88
0,1989,0,74,2,83,39,5,10,1,61,0,188,174,39
12,1985,0,118,0,80,60,1,27,0,71,1,189,249,8
0,1974,0,50,1,77,43,5,2,2,75,0,186,168,57
45,1986,0,106,2,75,55,10,30,1,61,2,178,222,33
4,1989,0,57,2,78,32,9,20,0,51,1,183,140,28
134,1981,0,250,3,83,133,2,17,0,150,0,191,533,50
26,1976,0,171,0,81,133,3,57,4,190,2,183,494,78
0,1985,0,31,0,85,31,5,5,1,54,0,193,116,21
25,1985,0,68,1,62,72,2,26,0,92,0,174,232,32
7,1982,0,59,3,83,47,1,42,0,67,3,187,173,18
126,1981,0,121,3,69,88,11,29,1,140,0,172,349,62
7,1993,1,33,3,72,18,10,14,0,30,0,171,81,41
0,1989,1,19,3,87,16,5,5,0,26,0,190,61,59
4,1992,0,45,3,68,24,3,11,0,26,0,182,95,65
1,1989,0,37,3,72,34,4,46,0,40,1,178,111,62
6,1980,0,75,1,70,66,9,55,0,94,2,178,235,84
8,1990,0,26,3,73,23,2,11,0,36,0,181,85,26
29,1990,0,64,1,59,57,10,15,0,93,1,172,214,32
4,1989,1,88,0,85,61,6,31,0,75,0,179,224,21
12,1991,0,23,0,71,22,0,8,0,34,0,175,79,81
2,1994,0,4,0,75,2,9,1,0,10,0,183,16,43
16,1977,0,102,0,84,73,1,29,1,101,2,188,276,58
20,1987,0,109,0,76,77,1,59,2,100,2,183,286,78
148,1985,1,273,1,77,99,8,22,0,82,0,184,454,42
0,1995,0,6,3,70,4,6,1,0,8,0,175,18,83
30,1984,0,72,3,70,48,0,42,0,69,1,178,189,62
0,1987,0,127,1,80,48,5,10,0,55,0,190,230,57
0,1993,0,11,0,85,18,5,4,0,19,0,191,48,47
35,1994,0,34,0,76,8,2,12,0,13,0,178,55,43
36,1987,0,216,3,85,68,3,50,0,70,1,189,354,63
65,1987,0,234,0,75,102,0,36,1,108,0,177,444,46
4,1992,1,16,0,76,15,8,5,0,29,1,190,60,51
8,1985,0,68,3,83,36,1,33,2,48,1,187,152,20
20,1989,0,84,3,77,37,1,44,1,59,0,186,180,9
10,1989,0,104,0,75,41,4,42,0,53,0,187,198,80
76,1984,0,256,0,66,98,10,39,0,113,0,168,467,6
121,1985,0,89,2,79,58,2,17,0,100,0,185,247,28
13,1983,0,169,0,70,89,4,43,0,159,0,174,417,34
5,1992,0,55,2,72,21,3,14,4,40,1,179,116,39
15,1985,0,45,3,70,40,10,15,0,50,1,176,135,23
30,1980,0,180,0,69,113,3,101,2,172,3,175,465,80
47,1989,1,86,0,64,52,8,5,0,77,0,177,215,46
3,1991,0,24,0,76,10,1,10,0,29,0,184,63,47
15,1993,0,70,2,82,23,6,25,0,23,0,183,116,31
6,1987,0,90,2,85,51,6,22,1,47,1,191,188,11
7,1990,0,77,0,85,22,1,26,0,25,1,196,124,43
33,1985,0,82,3,69,48,2,19,2,71,0,168,201,50
54,1985,0,98,2,78,65,2,14,0,105,0,183,268,69
11,1990,0,103,2,72,61,9,17,0,74,0,179,238,25
35,1980,0,236,2,80,107,4,89,3,116,3,188,459,16
12,1988,0,56,2,85,48,1,39,1,78,1,190,182,28
42,1985,0,166,0,70,95,10,58,0,136,0,178,397,79
0,1989,0,40,2,73,28,5,3,0,56,0,188,124,87
44,1991,0,66,2,88,37,2,19,2,49,1,190,152,0
18,1987,0,95,2,85,53,1,38,1,99,1,194,247,87
7,1990,0,62,2,67,39,4,21,1,49,0,179,150,25
21,1990,0,82,2,72,58,4,37,0,68,0,177,208,2
22,1988,0,59,2,78,35,0,25,1,77,2,172,171,74
6,1986,1,66,0,84,67,1,17,3,98,1,187,231,52
25,1982,0,85,1,64,82,1,57,3,89,1,186,256,4
27,1981,0,88,1,67,79,0,34,2,114,0,180,281,32
23,1980,0,185,0,76,92,1,37,2,88,0,183,365,6
90,1984,0,137,2,81,81,3,77,2,122,4,180,340,2
0,1989,1,0,1,78,2,1,1,0,1,0,181,3,56
36,1989,0,74,2,83,41,8,13,0,60,2,180,175,74
16,1987,0,142,2,75,58,1,45,3,92,0,186,292,85
5,1985,0,51,3,78,32,1,35,4,49,2,188,132,66
0,1986,0,19,3,75,3,5,0,1,7,0,179,29,20
5,1989,0,34,2,67,23,6,16,0,32,1,176,89,31
73,1983,0,111,3,72,88,2,41,2,114,2,174,313,26
58,1986,0,369,3,75,81,9,152,7,98,12,183,548,63
5,1986,0,66,3,76,46,9,53,1,62,3,185,174,50
1,1990,0,16,3,75,12,0,19,0,29,0,180,57,26
57,1983,0,159,0,69,47,7,14,0,86,0,173,292,90
58,1981,1,210,0,64,111,11,22,0,140,1,168,461,58
31,1993,0,52,2,76,32,2,18,2,42,2,179,126,1
0,1976,0,272,0,84,180,5,20,1,213,0,188,665,8
58,1989,0,116,0,63,35,0,9,0,43,0,172,194,47
90,1986,0,120,2,70,58,2,18,0,85,0,173,263,85
9,1982,1,97,1,72,78,6,51,1,49,5,176,224,57
73,1979,1,250,1,72,126,11,55,0,97,3,175,473,92
61,1988,0,119,2,71,64,0,29,0,68,1,174,251,11
3,1987,0,61,3,72,37,9,30,0,43,1,178,141,10
94,1979,0,225,3,64,108,7,56,1,146,3,170,479,26
41,1979,0,143,0,72,99,7,22,0,169,1,178,411,34
0,1976,0,178,2,96,109,5,25,1,175,0,196,462,28
10,1989,0,107,2,82,63,1,44,1,74,1,190,244,86
0,1985,0,74,1,78,51,5,11,0,78,0,185,203,32
67,1982,0,241,2,83,100,4,40,1,160,0,191,501,11
15,1986,0,71,3,76,44,7,32,1,65,6,184,180,37
12,1986,0,69,3,68,42,8,31,0,68,1,168,179,18
4,1989,0,58,2,88,33,1,19,2,43,0,191,134,38
9,1983,0,103,2,73,58,4,35,1,76,2,178,237,39
25,1989,0,71,3,71,48,10,31,0,69,3,178,188,83
8,1988,0,128,2,82,60,1,62,1,72,7,185,260,87
149,1985,0,148,3,72,67,2,80,3,102,0,179,317,83
12,1993,0,23,2,65,9,0,6,0,21,0,178,53,25
18,1979,0,125,2,88,74,1,49,3,85,3,193,284,86
41,1990,0,55,2,78,56,2,8,1,50,0,189,161,85
56,1982,1,139,1,72,93,11,27,0,103,0,174,335,49
18,1978,1,185,1,74,103,1,76,3,140,3,185,428,56
60,1983,0,81,2,82,51,2,26,1,73,0,186,205,86
70,1980,0,234,1,72,148,0,48,0,196,0,173,578,55
48,1987,0,85,2,72,56,10,37,1,85,1,185,226,25
19,1987,0,82,3,72,20,0,24,1,42,3,180,144,67
12,1991,0,65,2,86,34,1,19,0,45,1,192,144,1
149,1984,0,186,2,80,82,2,42,2,144,0,191,412,11
12,1989,0,121,2,83,54,1,51,0,62,0,189,237,11
83,1981,0,117,2,82,76,2,31,0,142,0,185,335,33
2,1991,0,25,2,82,14,1,10,0,13,0,190,52,2
3,1988,0,78,2,65,52,9,10,1,69,0,171,199,25
4,1985,0,85,2,80,41,1,28,0,45,0,192,171,33
0,1981,0,102,1,82,55,5,5,0,95,0,188,252,92
14,1987,0,92,2,71,72,4,36,1,77,1,178,241,74
17,1988,0,36,2,75,31,2,7,0,35,0,180,102,28
9,1986,0,103,2,68,50,10,49,0,76,4,170,229,2
20,1986,1,133,0,82,85,4,77,6,85,2,189,303,58
42,1984,1,102,0,72,89,10,38,5,113,0,172,304,79
31,1986,0,96,0,68,62,0,19,1,112,0,175,270,8
2,1983,0,111,0,77,70,9,22,1,109,0,181,290,34
16,1981,0,159,0,77,107,6,71,1,134,1,183,400,14
0,1985,1,167,1,82,86,5,10,1,97,1,185,350,56
12,1991,1,63,0,76,43,1,12,0,80,0,191,186,80
9,1979,0,206,2,69,113,9,73,1,173,5,172,492,39
39,1985,0,189,0,60,115,4,21,0,139,0,170,443,73
194,1980,0,418,0,83,176,3,76,3,171,4,188,765,43
76,1986,0,165,0,72,68,2,43,0,91,0,175,324,27
45,1982,0,203,0,66,111,0,64,1,110,3,176,424,27
19,1981,0,97,0,75,71,9,50,1,98,0,180,266,88
57,1982,0,187,0,70,90,3,67,2,122,2,178,399,34
28,1984,0,191,0,87,79,9,47,1,117,2,186,387,52
44,1984,0,188,0,70,121,7,12,0,172,0,182,481,43
52,1979,0,234,0,77,112,3,74,0,119,1,180,465,8
0,1980,0,29,0,86,18,5,1,0,22,0,195,69,61
42,1987,0,116,3,68,70,11,40,0,107,2,179,293,9
8,1989,0,131,2,72,63,4,34,0,64,0,185,258,16
68,1988,0,69,2,79,50,2,33,1,79,1,185,198,2
0,1988,0,109,2,80,59,5,18,0,97,0,189,265,85
20,1980,0,206,1,82,133,6,64,5,155,3,182,494,57
11,1977,1,220,0,85,145,1,51,1,197,1,191,562,27
7,1980,0,95,1,80,87,1,68,0,104,1,184,286,68
20,1986,0,60,0,64,48,7,10,0,62,0,172,170,51
61,1983,0,127,2,72,67,10,50,2,103,2,173,297,39
28,1988,0,64,2,59,33,0,17,0,56,2,169,153,25
24,1992,0,45,2,69,20,0,5,0,42,0,178,107,2
59,1981,0,129,2,67,89,0,40,0,130,1,170,348,85
44,1990,0,77,2,78,28,2,7,0,57,0,180,162,31
18,1991,0,67,2,80,37,4,26,1,50,0,184,154,74
82,1989,0,204,0,68,75,2,13,0,76,0,170,355,6
11,1986,1,81,2,71,48,9,15,0,65,0,181,194,87
37,1982,0,210,1,75,77,3,92,9,62,3,186,349,57
21,1984,0,174,1,79,78,1,28,2,55,0,183,307,57
20,1991,0,125,3,71,21,0,16,0,18,1,172,164,29
0,1992,0,130,3,88,47,5,6,1,33,0,199,210,10
5,1988,1,67,1,75,25,4,12,0,42,1,180,134,32
32,1983,0,117,2,72,60,0,23,2,98,0,183,275,86
25,1977,0,151,2,82,76,1,42,2,127,1,191,354,74
142,1989,0,243,2,74,59,0,17,0,53,1,186,355,12
0,1976,0,196,0,89,135,5,10,0,180,0,195,511,78
27,1985,0,193,0,73,57,1,54,3,97,1,180,347,6
17,1981,0,136,2,83,75,4,56,0,106,0,184,317,15
36,1981,0,230,3,71,85,0,92,2,75,0,183,390,10
19,1985,0,82,2,75,34,9,12,1,38,0,183,154,85
1,1979,0,251,0,88,130,5,18,1,135,0,195,516,27
0,1988,0,77,0,74,35,5,12,1,68,0,188,180,51
0,1981,0,163,2,100,84,5,27,3,140,1,193,387,2
68,1976,0,322,2,79,125,4,46,1,148,0,186,595,0
21,1989,0,82,2,83,38,0,45,0,57,2,182,177,0
0,1979,0,200,2,80,99,5,14,0,139,0,186,438,31
9,1989,0,19,3,77,30,3,28,0,31,1,185,80,18
2,1991,0,49,1,69,18,6,17,0,34,0,181,101,54
16,1990,0,64,2,81,52,10,28,1,75,1,186,191,0
33,1985,0,105,3,75,48,0,64,2,54,1,176,207,83
15,1981,1,146,0,87,85,1,71,1,134,1,187,365,79
2,1986,0,74,2,81,57,9,53,1,87,1,186,218,33
20,1986,0,75,2,72,37,11,19,0,55,0,179,167,74
52,1992,0,72,2,67,22,2,14,0,54,1,175,148,11
43,1985,0,97,2,66,61,7,51,0,99,0,176,257,28
99,1979,1,157,1,77,122,2,44,2,169,2,184,448,68
41,1990,0,63,2,77,32,0,29,1,61,0,180,156,38
21,1986,0,162,0,80,93,4,49,4,115,1,188,370,80
0,1989,0,44,2,81,21,5,2,0,29,0,186,94,38
0,1981,0,105,2,91,63,5,7,0,108,0,194,276,12
3,1993,0,42,2,72,30,4,18,0,38,2,181,110,87
58,1989,0,83,2,80,46,2,26,0,68,1,194,197,0
0,1988,0,61,2,75,44,4,43,2,72,2,175,177,38
71,1980,0,255,0,67,110,0,62,0,135,3,178,500,6
32,1987,0,34,3,81,27,2,9,0,51,0,183,112,59
0,1980,0,67,3,78,55,5,24,1,67,1,184,189,67
45,1990,0,206,2,78,59,0,40,0,53,0,182,318,12
5,1990,0,34,3,69,20,7,13,0,34,0,175,88,20
0,1979,0,65,3,82,64,5,21,5,85,0,182,214,37
0,1981,0,140,0,70,71,9,47,2,107,1,172,318,27
11,1990,0,92,2,74,42,9,22,0,51,1,177,185,15
28,1984,0,88,3,79,48,2,32,0,76,0,182,212,9
55,1986,0,76,2,84,62,2,21,1,87,0,191,225,28
40,1985,0,168,2,68,94,7,44,0,118,2,178,380,31
22,1981,0,75,3,71,53,0,37,0,91,1,179,219,60
0,1990,1,23,1,70,18,6,9,1,20,0,180,61,75
49,1985,0,91,1,83,53,2,15,0,55,3,191,199,42
25,1990,0,47,2,75,47,11,21,1,62,1,179,156,85
16,1988,0,44,2,69,24,11,11,0,24,0,170,92,86
7,1986,0,80,2,80,43,1,25,0,65,2,185,188,25
10,1984,0,67,3,76,54,9,45,0,95,2,184,216,35
50,1975,0,264,3,72,136,0,37,0,186,0,180,586,23
2,1988,0,50,2,73,28,4,22,0,18,3,174,96,31
127,1984,0,126,2,80,65,2,47,4,122,0,188,313,85
6,1991,0,58,2,74,31,6,13,1,57,0,178,146,69
37,1983,0,92,3,72,67,0,35,0,119,0,176,278,26
1,1993,0,9,3,69,9,6,3,1,12,1,178,30,26
30,1988,1,87,0,77,57,2,16,0,57,1,185,201,27
53,1984,1,85,1,76,59,2,45,2,69,0,177,213,77
13,1988,0,47,3,71,46,3,19,0,38,0,176,131,66
5,1989,0,70,3,80,30,1,43,1,41,2,184,141,83
10,1987,0,49,3,73,42,4,56,2,74,4,174,165,26
0,1982,0,365,3,78,111,5,32,2,67,1,183,543,29
60,1985,0,98,3,77,74,2,48,2,110,1,180,282,59
32,1986,0,104,2,73,57,10,27,1,61,2,173,222,86
15,1992,0,31,1,70,13,0,4,0,20,1,178,64,42
25,1986,0,242,0,85,92,1,72,5,111,3,190,445,46
0,1987,0,47,1,65,38,6,21,2,35,1,178,120,4
0,1988,0,47,0,80,24,5,2,0,31,0,187,102,6
7,1989,1,115,0,63,43,4,22,1,60,1,166,218,51
11,1990,1,49,3,72,41,7,64,3,54,4,171,144,26
271,1985,0,370,0,78,115,2,108,3,123,2,178,608,47
7,1979,0,257,0,75,83,9,44,3,89,1,185,429,79
0,1994,1,0,1,68,0,8,0,0,3,0,179,3,56
41,1977,1,344,0,72,174,1,71,3,137,0,181,655,80
10,1985,0,165,2,78,69,3,37,0,87,0,184,321,85
4,1984,1,103,0,71,64,4,56,3,89,1,178,256,78
10,1988,0,82,0,87,40,1,38,1,70,1,190,192,89
0,1990,0,105,0,75,47,5,11,2,51,0,195,203,6
0,1986,0,70,2,87,44,5,3,0,67,0,186,181,74
50,1981,0,427,3,77,125,4,163,1,121,3,183,673,63
47,1983,0,121,3,76,85,10,36,1,123,1,186,329,65
96,1980,0,527,3,68,167,0,59,0,122,2,170,816,29
47,1991,0,150,2,72,39,7,23,1,35,0,169,224,12
46,1986,0,68,0,85,28,2,26,0,70,0,188,166,51
19,1990,1,59,3,65,30,0,20,0,60,2,175,149,37
4,1990,0,91,1,56,52,4,29,1,60,1,169,203,77
29,1986,1,73,1,62,46,2,10,0,48,0,171,167,82
3,1995,0,20,2,77,12,1,8,0,17,0,186,49,39
26,1990,0,79,0,76,42,8,15,0,60,0,173,181,88
0,1991,1,16,1,70,15,6,2,2,23,1,181,54,77
79,1983,1,255,0,90,83,4,82,1,110,0,191,448,46
59,1986,0,121,1,70,67,11,18,1,81,0,175,269,36
51,1986,0,178,1,79,73,0,31,2,90,0,185,341,55
56,1986,0,178,0,69,106,4,86,1,88,1,175,372,51
14,1991,0,25,2,55,22,0,4,0,20,0,164,67,86
88,1980,0,201,0,70,105,0,31,0,150,1,178,456,89
37,1990,0,77,1,75,42,0,32,3,54,2,174,173,49
18,1986,0,110,0,87,61,1,25,2,81,4,190,252,80
57,1987,1,52,3,75,47,2,15,0,60,0,180,159,37
24,1992,0,59,2,70,32,0,4,0,40,0,179,131,1
19,1978,0,144,2,72,67,9,26,0,86,1,174,297,1
38,1987,0,156,2,71,77,4,42,1,106,1,186,339,85
3,1983,0,77,3,76,31,1,28,1,61,1,183,169,23
7,1991,0,53,2,67,22,9,8,0,52,0,175,127,38
0,1991,0,50,2,88,27,5,10,1,34,0,187,111,16
330,1981,0,377,1,84,135,2,94,6,95,4,192,607,57
48,1987,0,131,2,69,90,0,53,0,140,1,172,361,87
71,1979,0,150,0,76,96,8,44,1,146,1,181,392,88
27,1988,0,48,2,67,37,7,12,0,57,0,175,142,74
7,1979,1,148,1,76,117,1,46,6,130,2,182,395,57
0,1984,0,14,3,84,15,5,2,2,18,0,185,47,65
12,1986,0,68,3,78,39,4,22,0,53,0,186,160,65
